date,time,lat,lng,alert
08-07-2021,06:35:40,21.12468,79.17204,LDW
08-07-2021,15:46:43,21.14513,79.10431,PCW
08-07-2021,17:41:45,21.1418,79.15915,PCW
08-07-2021,18:50:50,21.13675,79.16311,PCW
08-07-2021,08:00:00,21.1097,79.07586,HA
08-07-2021,08:00:06,21.10974,79.07565,HB
08-07-2021,17:49:52,21.10818,78.99757,PCW
08-07-2021,09:14:13,21.15325,79.12549,HMW
08-07-2021,10:03:32,21.15271,79.07833,HB
08-07-2021,20:54:51,21.10636,78.99462,HMW
09-07-2021,06:45:48,21.10575,78.99394,PCW
09-07-2021,07:33:14,21.1173,79.01423,PCW
09-07-2021,09:25:00,21.15118,79.10235,HA
09-07-2021,11:31:42,21.15772,79.13619,HB
09-07-2021,11:37:38,21.15416,79.11837,HB
09-07-2021,11:47:58,21.15145,79.10062,HMW
09-07-2021,09:41:20,21.10241,79.01719,PCW
09-07-2021,11:59:03,21.11407,79.02923,PCW
09-07-2021,09:56:22,21.1506,79.10552,PCW
09-07-2021,11:25:08,21.15123,79.10167,PCW
09-07-2021,12:02:46,21.14522,79.07449,HB
09-07-2021,14:37:27,21.153,79.12708,HB
09-07-2021,15:24:03,21.15011,79.10769,HMW
09-07-2021,16:32:00,21.154,79.12144,PCW
09-07-2021,17:16:42,21.15264,79.12921,HMW
09-07-2021,17:29:50,21.15357,79.08781,PCW
09-07-2021,20:36:45,21.1467,79.06212,HB
09-07-2021,10:21:27,21.11626,79.03736,HB
09-07-2021,10:24:51,21.15084,79.15209,HMW
09-07-2021,11:22:48,21.11711,79.014,HB
09-07-2021,11:23:43,21.11475,79.0107,PCW
09-07-2021,12:44:12,21.11162,79.06732,HMW
09-07-2021,13:31:09,21.14943,79.16151,PCW
09-07-2021,13:47:34,21.14415,79.14586,HMW
09-07-2021,15:14:38,21.10442,78.99192,PCW
09-07-2021,16:01:12,21.10943,79.12523,HMW
09-07-2021,12:15:17,21.11758,79.01442,PCW
09-07-2021,16:51:39,21.10512,79.09881,HMW
09-07-2021,14:19:17,21.11622,79.01897,PCW
10-07-2021,09:39:14,21.10817,79.07923,HB
10-07-2021,13:05:00,21.11093,79.06966,PCW
10-07-2021,09:57:51,21.15313,79.11763,PCW
10-07-2021,10:07:21,21.15815,79.14605,PCW
10-07-2021,10:38:43,21.11053,79.10371,FCW
10-07-2021,11:27:38,21.09975,78.98434,HB
10-07-2021,11:51:47,21.11443,79.00977,HMW
10-07-2021,12:28:44,21.13156,79.14236,FCW
10-07-2021,13:47:30,21.11347,79.05513,HMW
10-07-2021,14:36:48,21.10935,78.99928,PCW
10-07-2021,16:27:03,21.12777,79.14028,LDW
10-07-2021,14:33:49,21.14514,79.07448,HB
10-07-2021,15:27:44,21.10276,79.01101,PCW
11-07-2021,06:15:22,21.12225,79.13719,LDW
11-07-2021,12:40:02,21.14843,79.14625,PCW
11-07-2021,18:19:08,21.1213,79.02816,FCW
11-07-2021,10:04:00,21.15307,79.09498,HA
11-07-2021,13:10:16,21.15423,79.11804,HB
11-07-2021,18:06:00,21.15282,79.09553,HA
11-07-2021,18:30:18,21.14188,79.18514,LDW
11-07-2021,10:40:00,21.15317,79.09477,HA
11-07-2021,10:40:32,21.15313,79.09501,HB
11-07-2021,12:34:09,21.15172,79.14972,HB
11-07-2021,14:12:41,21.15076,79.10478,HMW
11-07-2021,12:45:51,21.14136,79.06744,HB
11-07-2021,13:43:41,21.11503,79.04053,HB
11-07-2021,13:40:16,21.14518,79.07461,HB
11-07-2021,16:50:42,21.1496,79.16101,PCW
12-07-2021,05:42:56,21.14471,79.05654,HMW
12-07-2021,10:14:59,21.0997,79.20521,FCW
12-07-2021,10:24:17,21.08139,79.25737,HB
12-07-2021,11:18:53,21.09742,79.21031,HB
12-07-2021,11:29:53,21.13028,79.16776,PCW
12-07-2021,14:07:00,21.15104,79.10267,HA
12-07-2021,16:42:14,21.15265,79.07682,HMW
12-07-2021,05:55:19,21.11752,79.13401,HB
12-07-2021,13:32:27,21.10515,79.10162,HB
12-07-2021,07:01:11,21.14137,79.08044,HB
12-07-2021,18:17:48,21.14676,79.06185,HB
12-07-2021,07:50:32,21.1196,79.02134,PCW
12-07-2021,12:09:58,21.10234,78.9885,HB
12-07-2021,12:13:23,21.1105,79.00115,HB
12-07-2021,12:27:05,21.11448,79.04212,HB
12-07-2021,12:31:47,21.11317,79.05326,HMW
12-07-2021,13:50:01,21.10869,79.124,HB
12-07-2021,14:00:18,21.10592,79.08778,HB
12-07-2021,18:56:06,21.11426,79.04273,HMW
12-07-2021,08:36:50,21.11493,79.04078,HMW
12-07-2021,13:16:45,21.14515,79.07461,HB
12-07-2021,09:31:10,21.14955,79.16046,PCW
12-07-2021,13:04:05,21.15334,79.12541,PCW
12-07-2021,15:29:32,21.15167,79.14979,PCW
12-07-2021,10:41:03,21.1458,79.07091,HMW
12-07-2021,12:03:57,21.11449,79.04206,HB
12-07-2021,15:02:11,21.11016,79.02317,PCW
12-07-2021,18:47:14,21.12717,79.06366,HMW
12-07-2021,19:46:09,21.12483,79.05884,HB
12-07-2021,20:28:06,21.11765,79.03451,HB
12-07-2021,10:45:24,21.11654,79.03672,HMW
12-07-2021,12:18:45,21.10598,79.08868,HB
12-07-2021,13:23:36,21.13768,79.14466,LDW
12-07-2021,16:49:35,21.11265,79.06309,HMW
12-07-2021,18:27:25,21.11302,79.05271,HMW
12-07-2021,12:33:10,21.15168,79.09956,HMW
12-07-2021,13:39:26,21.15012,79.15484,PCW
12-07-2021,14:03:38,21.14509,79.07485,HB
12-07-2021,14:23:22,21.14789,79.07461,HB
12-07-2021,19:45:51,21.14597,79.06931,FCW
12-07-2021,14:39:53,21.11002,79.07504,HMW
12-07-2021,16:35:15,21.13703,79.14428,HB
12-07-2021,18:54:57,21.0975,78.98079,PCW
13-07-2021,06:03:49,21.11596,79.03809,LDW
13-07-2021,17:21:50,21.10389,78.99114,PCW
13-07-2021,06:36:18,21.11088,79.12824,HB
13-07-2021,07:27:15,21.11969,79.13565,LDW
13-07-2021,11:17:06,21.11053,79.0015,PCW
13-07-2021,12:31:18,21.1131,79.0617,HMW
13-07-2021,12:50:41,21.1174,79.13405,HMW
13-07-2021,13:42:50,21.10541,79.10902,HB
13-07-2021,06:49:24,21.1086,78.99829,PCW
13-07-2021,08:18:06,21.10607,79.11326,HB
13-07-2021,08:18:15,21.10648,79.11573,HMW
13-07-2021,08:28:45,21.11037,79.07278,LDW
13-07-2021,10:00:06,21.10764,79.11952,HB
13-07-2021,10:59:39,21.11951,79.1355,HMW
13-07-2021,11:23:57,21.1126,79.06314,HB
13-07-2021,12:52:00,21.12132,79.02827,HB
13-07-2021,07:19:57,21.11106,79.02376,PCW
13-07-2021,09:48:03,21.10199,79.01413,HB
13-07-2021,10:00:44,21.11625,79.03764,HB
13-07-2021,10:58:26,21.11758,79.03469,HB
13-07-2021,11:02:22,21.11114,79.02411,PCW
13-07-2021,13:45:21,21.11694,79.0468,FCW
13-07-2021,13:46:21,21.11694,79.0468,HMW
13-07-2021,14:30:30,21.14199,79.08041,PCW
13-07-2021,17:46:42,21.10836,78.99777,HMW
13-07-2021,20:12:06,21.13627,79.06214,HMW
13-07-2021,07:44:45,21.14996,79.08088,HMW
13-07-2021,18:02:03,21.13451,79.09676,HMW
13-07-2021,07:52:09,21.11781,79.01522,PCW
13-07-2021,11:10:03,21.10804,78.99724,HB
13-07-2021,12:38:16,21.1331,79.14314,HB
13-07-2021,12:39:47,21.1243,79.1386,HB
13-07-2021,08:37:41,21.14943,79.16134,PCW
13-07-2021,14:04:00,21.15282,79.09534,HA
13-07-2021,17:14:27,21.14409,79.08106,PCW
13-07-2021,11:27:05,21.09976,78.98432,HB
13-07-2021,12:09:41,21.10904,79.12431,HB
13-07-2021,13:43:17,21.11488,79.01094,HB
13-07-2021,13:50:14,21.09958,78.9842,HB
13-07-2021,12:13:40,21.15403,79.12054,HB
13-07-2021,16:25:00,21.15312,79.09536,HA
13-07-2021,18:25:01,21.15382,79.12269,HMW
13-07-2021,18:48:59,21.14388,79.17644,HMW
13-07-2021,12:23:35,21.16627,79.01219,HB
13-07-2021,12:31:03,21.15383,79.01317,HB
13-07-2021,12:33:08,21.11322,79.04564,HB
13-07-2021,14:10:57,21.10914,79.023,PCW
13-07-2021,18:14:59,21.14882,79.11791,HMW
14-07-2021,00:20:14,21.12707,79.00662,HB
14-07-2021,00:20:35,21.12631,79.00798,HB
14-07-2021,04:08:07,21.12128,79.01287,HB
14-07-2021,14:48:35,21.15232,79.13106,FCW
14-07-2021,15:35:54,21.15365,79.13518,HMW
14-07-2021,19:53:21,21.14668,79.06195,HB
14-07-2021,06:56:51,21.10658,79.08352,PCW
14-07-2021,13:04:08,21.13196,79.14261,HMW
14-07-2021,17:14:12,21.1058,79.08909,PCW
14-07-2021,19:20:00,21.11323,79.04568,HB
14-07-2021,07:20:00,21.14144,79.08041,HB
14-07-2021,08:06:03,21.14589,79.16919,HMW
14-07-2021,12:15:49,21.16224,79.14092,HB
14-07-2021,12:18:41,21.15942,79.14458,HB
14-07-2021,13:40:45,21.14512,79.07473,HB
14-07-2021,14:20:24,21.15169,79.14979,HB
14-07-2021,08:09:00,21.11776,79.01641,HA
14-07-2021,12:14:15,21.11085,79.12813,HB
14-07-2021,13:19:45,21.11067,79.07034,HB
14-07-2021,08:22:26,21.12316,79.03853,HMW
14-07-2021,09:14:02,21.15096,79.15227,HMW
14-07-2021,11:02:29,21.15397,79.11772,PCW
14-07-2021,16:01:48,21.1496,79.15814,PCW
14-07-2021,18:10:53,21.15516,79.13543,HMW
14-07-2021,18:14:05,21.15356,79.12379,HMW
14-07-2021,08:47:13,21.0974,78.98062,PCW
14-07-2021,11:29:25,21.11416,79.04269,HB
14-07-2021,13:12:11,21.10806,79.07942,HB
14-07-2021,15:06:43,21.11124,79.00272,HMW
14-07-2021,18:04:01,21.10766,79.11984,PCW
14-07-2021,10:33:04,21.09908,79.14203,PCW
14-07-2021,11:27:07,21.15269,79.0786,HB
14-07-2021,11:51:11,21.12865,79.11302,HB
14-07-2021,12:35:27,21.11535,79.12939,PCW
14-07-2021,16:23:20,21.12346,79.11929,HMW
14-07-2021,17:53:12,21.1451,79.08881,HMW
14-07-2021,11:06:37,21.1588,79.14532,PCW
14-07-2021,11:47:51,21.15414,79.11852,HB
14-07-2021,14:01:58,21.14876,79.11784,PCW
14-07-2021,11:15:31,21.09092,79.22697,HB
14-07-2021,11:19:11,21.09756,79.21021,HB
14-07-2021,11:20:12,21.09959,79.20561,HB
14-07-2021,11:21:55,21.10678,79.19764,HB
14-07-2021,11:44:03,21.15353,79.14955,HB
14-07-2021,13:55:09,21.152,79.13494,HB
14-07-2021,13:06:24,21.11416,79.04273,HB
14-07-2021,13:42:14,21.11623,79.03766,HB
14-07-2021,16:38:30,21.1205,79.04777,FCW
14-07-2021,18:03:44,21.12122,79.05397,HMW
14-07-2021,19:58:00,21.13873,79.0656,HA
14-07-2021,14:57:54,21.1135,79.05933,HMW
14-07-2021,18:10:26,21.1038,78.99093,HB
14-07-2021,16:16:01,21.15036,79.10636,HMW
14-07-2021,17:13:46,21.15419,79.11801,PCW
14-07-2021,17:03:47,21.144,79.07481,HB
15-07-2021,05:01:02,21.12146,79.05086,HB
15-07-2021,05:52:57,21.109,79.12418,HB
15-07-2021,11:41:43,21.11622,79.03763,HB
15-07-2021,06:56:02,21.15085,79.15178,HB
15-07-2021,12:18:31,21.10533,79.10224,HB
15-07-2021,14:53:03,21.12084,79.031,LDW
15-07-2021,18:10:23,21.11043,79.00113,HB
15-07-2021,07:23:18,21.11331,79.13053,PCW
15-07-2021,08:42:42,21.11128,79.06801,HMW
15-07-2021,09:49:14,21.10669,79.08356,PCW
15-07-2021,07:55:01,21.10915,79.02299,PCW
15-07-2021,09:30:52,21.11046,79.00107,HB
15-07-2021,10:48:52,21.13041,79.06258,HB
15-07-2021,12:22:24,21.13965,79.06551,PCW
15-07-2021,13:15:37,21.10201,79.01396,PCW
15-07-2021,14:46:43,21.12507,79.05936,PCW
15-07-2021,08:34:44,21.14543,79.16998,FCW
15-07-2021,08:34:44,21.14543,79.16998,PCW
15-07-2021,16:14:08,21.16144,79.14004,FCW
15-07-2021,19:04:26,21.15402,79.12014,HMW
15-07-2021,08:58:52,21.11978,79.12388,HMW
15-07-2021,11:11:47,21.14387,79.08101,HB
15-07-2021,19:16:18,21.14671,79.06217,HB
15-07-2021,10:08:52,21.15828,79.14591,PCW
15-07-2021,16:23:00,21.15203,79.1181,FCW
15-07-2021,16:25:20,21.15358,79.12411,HMW
15-07-2021,10:17:23,21.09734,79.21045,HB
15-07-2021,11:18:21,21.0974,79.21038,HB
15-07-2021,11:19:15,21.09961,79.20561,HB
15-07-2021,11:29:16,21.13201,79.16684,HB
15-07-2021,18:29:56,21.09415,79.21535,HB
15-07-2021,10:34:22,21.12743,79.10757,PCW
15-07-2021,11:19:03,21.13349,79.11578,HB
15-07-2021,11:14:57,21.15022,79.15454,PCW
15-07-2021,12:14:40,21.1526,79.07472,HB
15-07-2021,12:20:35,21.11136,79.00279,HMW
15-07-2021,14:32:33,21.11921,79.02036,PCW
15-07-2021,13:08:02,21.1534,79.14969,PCW
15-07-2021,13:24:05,21.11904,79.11477,HMW
15-07-2021,14:04:31,21.10398,79.12678,HB
15-07-2021,15:19:15,21.14012,79.09376,PCW
15-07-2021,18:55:09,21.1196,79.11262,HMW
15-07-2021,14:34:10,21.15302,79.09441,PCW
15-07-2021,16:30:31,21.14196,79.06742,HMW
15-07-2021,16:47:28,21.14884,79.11815,PCW
15-07-2021,18:14:43,21.14519,79.17087,HMW
15-07-2021,19:28:11,21.15227,79.13114,HMW
15-07-2021,19:54:27,21.14563,79.0723,HB
15-07-2021,20:10:54,21.1233,79.03975,LDW
16-07-2021,08:47:51,21.09999,78.98487,HMW
16-07-2021,10:11:22,21.14926,79.14774,PCW
16-07-2021,15:41:25,21.10145,78.98707,HMW
16-07-2021,09:22:49,21.14566,79.07223,HB
16-07-2021,10:50:58,21.1613,79.01479,HB
16-07-2021,17:19:29,21.15334,79.00745,HB
16-07-2021,09:28:17,21.1527,79.07854,HB
16-07-2021,11:19:42,21.09748,79.21027,HB
16-07-2021,10:08:26,21.12336,79.11942,HMW
16-07-2021,12:43:25,21.13095,79.10695,HMW
16-07-2021,13:45:10,21.14007,79.09571,PCW
16-07-2021,13:51:00,21.13031,79.10654,HMW
16-07-2021,15:40:38,21.14003,79.09585,PCW
16-07-2021,18:09:11,21.12327,79.11958,HMW
16-07-2021,10:13:37,21.11304,79.04582,HB
16-07-2021,13:33:15,21.11305,79.04586,HB
16-07-2021,10:35:56,21.15564,79.14867,HMW
16-07-2021,14:35:22,21.15208,79.09821,HMW
16-07-2021,15:26:00,21.15087,79.1517,PCW
16-07-2021,18:16:17,21.14909,79.16503,PCW
16-07-2021,18:34:28,21.14153,79.20253,HB
16-07-2021,19:09:05,21.14835,79.16596,FCW
16-07-2021,19:23:30,21.16028,79.14341,HMW
16-07-2021,11:00:20,21.15554,79.13538,PCW
16-07-2021,12:24:26,21.11754,79.01443,PCW
16-07-2021,16:57:08,21.1329,79.1431,PCW
16-07-2021,17:06:27,21.10874,79.12407,PCW
16-07-2021,12:24:31,21.14608,79.06757,HB
16-07-2021,13:35:05,21.10875,79.02205,PCW
16-07-2021,14:38:29,21.1458,79.07116,HMW
16-07-2021,12:33:14,21.11363,79.04452,FCW
16-07-2021,15:12:52,21.13035,79.06267,HB
16-07-2021,12:35:08,21.14968,79.11958,HMW
16-07-2021,16:38:44,21.14792,79.13956,HMW
16-07-2021,14:21:16,21.1054,79.13455,PCW
16-07-2021,16:18:08,21.15093,79.14998,PCW
16-07-2021,16:36:58,21.1058,79.1119,HMW
16-07-2021,18:13:50,21.11045,79.00117,HB
16-07-2021,18:43:21,21.14459,79.17319,PCW
16-07-2021,18:46:11,21.14936,79.16365,PCW
16-07-2021,18:46:11,21.14936,79.16365,FCW
16-07-2021,20:45:57,21.12728,79.14005,HMW
17-07-2021,06:03:36,21.10603,79.08727,PCW
17-07-2021,12:08:43,21.11267,79.05057,HMW
17-07-2021,12:11:30,21.11285,79.06261,HMW
17-07-2021,13:32:53,21.1054,79.1084,HB
17-07-2021,14:55:22,21.11348,79.05963,HMW
17-07-2021,06:13:00,21.15264,79.09638,HA
17-07-2021,07:38:38,21.08687,79.23984,HB
17-07-2021,09:37:00,21.15284,79.09512,HA
17-07-2021,10:29:43,21.08687,79.24001,HB
17-07-2021,11:14:58,21.0855,79.24385,HB
17-07-2021,12:03:00,21.15108,79.10274,HA
17-07-2021,07:53:29,21.13146,79.10939,HMW
17-07-2021,09:43:38,21.1527,79.07944,HB
17-07-2021,13:33:44,21.14963,79.07444,HMW
17-07-2021,13:53:37,21.13058,79.10128,HMW
17-07-2021,18:45:24,21.12659,79.11527,HMW
17-07-2021,18:47:40,21.13026,79.11071,PCW
17-07-2021,19:16:52,21.13676,79.05421,HMW
17-07-2021,08:55:58,21.13619,79.09623,HB
17-07-2021,19:03:37,21.13664,79.09598,HMW
17-07-2021,09:57:07,21.14963,79.1612,PCW
17-07-2021,10:16:07,21.15186,79.13376,FCW
17-07-2021,11:10:20,21.15069,79.11905,HB
17-07-2021,17:21:07,21.14895,79.12004,HB
17-07-2021,10:48:53,21.13034,79.06264,HB
17-07-2021,14:04:00,21.14225,79.07968,PCW
17-07-2021,18:02:15,21.1474,79.05608,PCW
17-07-2021,10:56:39,21.14868,79.04548,HB
17-07-2021,16:09:33,21.14691,79.06132,HB
17-07-2021,14:32:38,21.15284,79.0817,HB
17-07-2021,14:58:37,21.151,79.15191,HMW
17-07-2021,16:33:00,21.1528,79.09573,HA
17-07-2021,18:30:00,21.14435,79.17443,FCW
17-07-2021,14:44:25,21.11512,79.04015,HMW
17-07-2021,23:27:10,21.12138,79.01278,HB
17-07-2021,14:46:41,21.1528,79.07492,PCW
17-07-2021,16:37:48,21.10983,79.11778,HMW
17-07-2021,16:41:37,21.12151,79.11134,HMW
18-07-2021,06:06:53,21.11255,79.06359,LDW
18-07-2021,07:14:26,21.1056,79.09246,LDW
18-07-2021,16:23:13,21.12741,79.13998,HMW
18-07-2021,07:27:38,21.12128,79.02792,HMW
18-07-2021,11:03:03,21.15075,79.15322,PCW
18-07-2021,09:50:40,21.10604,79.08791,HMW
18-07-2021,10:04:56,21.14727,79.14587,HMW
18-07-2021,12:55:42,21.106,79.08843,HMW
18-07-2021,12:56:13,21.10569,79.09157,LDW
18-07-2021,09:57:03,21.12144,79.05622,PCW
18-07-2021,10:15:53,21.14182,79.08037,PCW
18-07-2021,13:46:59,21.11612,79.03796,HB
18-07-2021,16:20:52,21.14589,79.07026,FCW
18-07-2021,10:08:59,21.15271,79.08092,HB
18-07-2021,10:47:29,21.15728,79.13575,PCW
18-07-2021,14:14:19,21.14946,79.16152,PCW
18-07-2021,10:52:28,21.14067,79.08942,HMW
18-07-2021,18:09:44,21.1193,79.11442,FCW
18-07-2021,13:37:11,21.11062,79.07072,HB
18-07-2021,19:04:46,21.12201,79.04789,FCW
19-07-2021,06:18:49,21.11487,79.01087,HMW
19-07-2021,11:24:35,21.11383,79.0086,FCW
19-07-2021,12:14:11,21.09974,78.98429,HB
19-07-2021,12:19:57,21.11212,79.00454,FCW
19-07-2021,12:37:07,21.11293,79.06225,HMW
19-07-2021,16:16:25,21.14789,79.14592,PCW
19-07-2021,07:08:28,21.13854,79.0955,PCW
19-07-2021,11:46:58,21.12245,79.12059,HMW
19-07-2021,12:32:52,21.10026,79.14064,PCW
19-07-2021,12:47:49,21.12821,79.11336,HB
19-07-2021,13:34:16,21.14872,79.07435,HMW
19-07-2021,13:41:43,21.1472,79.08262,HMW
19-07-2021,15:53:44,21.13006,79.10338,HMW
19-07-2021,15:56:31,21.13145,79.10936,HMW
19-07-2021,07:27:45,21.12283,79.03665,HMW
19-07-2021,07:53:49,21.11456,79.042,PCW
19-07-2021,17:40:16,21.10619,78.98894,PCW
19-07-2021,18:20:18,21.14362,79.08035,HB
19-07-2021,08:34:32,21.14944,79.16117,PCW
19-07-2021,11:04:51,21.15029,79.10639,PCW
19-07-2021,12:09:50,21.15397,79.1217,HMW
19-07-2021,19:00:57,21.15216,79.13179,HB
19-07-2021,08:37:24,21.11936,79.02071,FCW
19-07-2021,10:20:52,21.10857,79.12358,HMW
19-07-2021,14:34:31,21.10292,78.98949,PCW
19-07-2021,09:16:00,21.15074,79.10258,HA
19-07-2021,17:23:30,21.14895,79.12005,HMW
19-07-2021,18:26:54,21.15168,79.14975,HB
19-07-2021,19:58:58,21.14397,79.08102,HB
19-07-2021,20:14:30,21.12505,79.0589,HB
19-07-2021,09:19:20,21.09388,79.13294,FCW
19-07-2021,09:19:20,21.09388,79.13294,PCW
19-07-2021,15:17:38,21.14259,79.0897,HMW
19-07-2021,16:13:10,21.11821,79.11562,HMW
19-07-2021,18:16:59,21.11901,79.11479,HMW
19-07-2021,10:03:20,21.14924,79.11333,HMW
19-07-2021,10:08:03,21.15114,79.102,HMW
19-07-2021,12:02:44,21.14979,79.15639,PCW
19-07-2021,13:27:09,21.1542,79.11826,PCW
19-07-2021,13:31:07,21.15175,79.13412,HMW
19-07-2021,17:35:48,21.15201,79.13488,HMW
19-07-2021,18:05:57,21.15096,79.15001,PCW
19-07-2021,18:55:46,21.1212,79.05453,HMW
19-07-2021,10:40:45,21.17002,79.00757,PCW
19-07-2021,11:19:17,21.11073,79.00172,PCW
19-07-2021,18:39:51,21.10809,78.99728,HB
19-07-2021,20:18:11,21.1052,79.1027,HB
19-07-2021,21:01:32,21.11248,79.00534,HMW
19-07-2021,21:02:59,21.11538,79.01147,FCW
19-07-2021,11:35:32,21.15303,79.12699,HMW
19-07-2021,11:36:39,21.15405,79.12038,HB
19-07-2021,11:39:34,21.10238,79.01206,PCW
19-07-2021,12:57:13,21.14203,79.07986,PCW
19-07-2021,13:12:33,21.1456,79.07232,HB
19-07-2021,16:29:56,21.14467,79.07633,HMW
19-07-2021,17:03:44,21.13199,79.06204,HMW
19-07-2021,19:48:30,21.1216,79.03048,HB
19-07-2021,13:03:49,21.10865,79.12394,HB
19-07-2021,18:47:48,21.11771,79.13421,HB
20-07-2021,05:28:45,21.12248,79.03461,LDW
20-07-2021,05:33:52,21.13068,79.05665,LDW
20-07-2021,05:57:20,21.14486,79.08959,PCW
20-07-2021,06:03:30,21.13465,79.09675,HMW
20-07-2021,06:06:55,21.13131,79.10963,PCW
20-07-2021,06:08:48,21.12724,79.11473,PCW
20-07-2021,06:12:30,21.11337,79.13208,PCW
20-07-2021,06:16:51,21.10134,79.1394,PCW
20-07-2021,06:51:00,21.0999,79.14105,PCW
20-07-2021,06:51:11,21.10019,79.14074,PCW
20-07-2021,07:01:03,21.1232,79.11961,HMW
20-07-2021,07:02:06,21.1269,79.11495,HMW
20-07-2021,07:03:20,21.12958,79.11158,HMW
20-07-2021,07:03:35,21.1304,79.11054,PCW
20-07-2021,07:04:32,21.13124,79.10704,HMW
20-07-2021,07:04:58,21.12973,79.10541,PCW
20-07-2021,07:05:17,21.12998,79.10368,HMW
20-07-2021,07:05:20,21.12998,79.10368,FCW
20-07-2021,07:05:48,21.13054,79.10146,HMW
20-07-2021,07:06:12,21.13094,79.09983,HMW
20-07-2021,07:06:58,21.13173,79.09755,HMW
20-07-2021,07:08:13,21.13612,79.09619,HMW
20-07-2021,07:08:43,21.13801,79.09549,HMW
20-07-2021,07:09:41,21.14009,79.0952,PCW
20-07-2021,07:10:34,21.14,79.09146,FCW
20-07-2021,07:13:41,21.14666,79.08504,HMW
20-07-2021,07:37:27,21.14639,79.07457,HMW
20-07-2021,07:40:04,21.1513,79.08097,HMW
20-07-2021,07:41:32,21.14611,79.087,FCW
20-07-2021,07:43:18,21.14186,79.08957,HMW
20-07-2021,07:44:16,21.13979,79.09094,FCW
20-07-2021,07:45:46,21.13981,79.09597,PCW
20-07-2021,07:47:51,21.13437,79.09678,HMW
20-07-2021,07:55:44,21.11938,79.12437,HMW
20-07-2021,07:56:05,21.11822,79.12583,PCW
20-07-2021,07:58:40,21.1114,79.13459,HMW
20-07-2021,07:58:45,21.1108,79.1354,PCW
20-07-2021,08:03:15,21.10122,79.13954,PCW
20-07-2021,08:49:51,21.09926,79.14183,PCW
20-07-2021,08:53:58,21.10636,79.13849,PCW
20-07-2021,08:56:55,21.11332,79.13203,HMW
20-07-2021,09:03:10,21.12448,79.11795,HMW
20-07-2021,09:03:28,21.12536,79.11685,HMW
20-07-2021,09:04:13,21.12758,79.11411,PCW
20-07-2021,09:05:08,21.12848,79.1129,HMW
20-07-2021,09:07:50,21.12971,79.10464,HMW
20-07-2021,09:08:27,21.13038,79.10196,HMW
20-07-2021,09:08:48,21.13074,79.10054,HMW
20-07-2021,09:10:20,21.13293,79.0972,HMW
20-07-2021,09:10:23,21.13293,79.0972,HMW
20-07-2021,09:14:10,21.14008,79.09418,PCW
20-07-2021,09:17:05,21.14505,79.08853,PCW
20-07-2021,09:19:00,21.1459,79.08123,HMW
20-07-2021,09:20:42,21.14352,79.08026,HMW
20-07-2021,09:21:11,21.14404,79.0783,HMW
20-07-2021,09:37:58,21.1443,79.07715,PCW
20-07-2021,09:40:11,21.14798,79.07453,HMW
20-07-2021,09:44:38,21.15139,79.08096,HMW
20-07-2021,09:46:43,21.14669,79.085,FCW
20-07-2021,09:47:12,21.14695,79.08398,HMW
20-07-2021,09:49:14,21.14166,79.08949,HMW
20-07-2021,09:53:19,21.13728,79.09566,HMW
20-07-2021,09:54:59,21.13181,79.09755,PCW
20-07-2021,09:57:57,21.12978,79.10573,PCW
20-07-2021,09:58:21,21.13071,79.10676,HMW
20-07-2021,09:59:25,21.13188,79.10878,HMW
20-07-2021,09:59:53,21.13003,79.11128,FCW
20-07-2021,09:59:55,21.13003,79.11128,FCW
20-07-2021,10:00:25,21.13003,79.11128,HMW
20-07-2021,10:01:11,21.12719,79.11484,PCW
20-07-2021,10:01:50,21.12643,79.11572,PCW
20-07-2021,10:02:15,21.12575,79.1164,HMW
20-07-2021,10:02:16,21.12575,79.1164,HMW
20-07-2021,10:02:18,21.12575,79.1164,FCW
20-07-2021,10:03:35,21.12412,79.11849,HMW
20-07-2021,10:04:54,21.12037,79.12312,HMW
20-07-2021,10:06:09,21.11796,79.12616,PCW
20-07-2021,10:06:33,21.11722,79.12708,HMW
20-07-2021,10:09:18,21.11298,79.13256,HMW
20-07-2021,10:09:26,21.11265,79.13296,HMW
20-07-2021,10:10:50,21.11076,79.13546,HMW
20-07-2021,10:40:15,21.11129,79.13468,HMW
20-07-2021,10:40:20,21.11129,79.13468,HMW
20-07-2021,10:41:27,21.11312,79.13235,HMW
20-07-2021,10:44:26,21.11718,79.12709,HMW
20-07-2021,10:44:49,21.11794,79.12619,PCW
20-07-2021,10:46:03,21.12019,79.12337,HMW
20-07-2021,10:46:04,21.12019,79.12337,HMW
20-07-2021,10:49:23,21.12379,79.1189,HMW
20-07-2021,10:49:28,21.12426,79.11829,HMW
20-07-2021,10:49:54,21.1251,79.1172,HMW
20-07-2021,10:50:48,21.12765,79.11395,PCW
20-07-2021,10:51:15,21.12817,79.11331,HMW
20-07-2021,10:51:20,21.12845,79.11295,HMW
20-07-2021,10:52:09,21.13155,79.10912,HMW
20-07-2021,10:53:35,21.12975,79.10605,HMW
20-07-2021,10:54:09,21.12971,79.10458,HMW
20-07-2021,10:55:44,21.13071,79.10071,HMW
20-07-2021,10:57:07,21.13293,79.0972,HMW
20-07-2021,10:57:08,21.13293,79.0972,FCW
20-07-2021,10:58:38,21.13659,79.09601,HMW
20-07-2021,10:58:48,21.13734,79.09568,HMW
20-07-2021,11:01:42,21.14003,79.09181,HMW
20-07-2021,11:02:48,21.14024,79.08931,HMW
20-07-2021,11:05:57,21.14605,79.08705,HMW
20-07-2021,11:06:54,21.14689,79.08402,HMW
20-07-2021,11:08:04,21.14694,79.08136,HMW
20-07-2021,11:08:22,21.14536,79.08122,HMW
20-07-2021,11:09:30,21.14354,79.08012,HMW
20-07-2021,11:09:55,21.14404,79.07827,PCW
20-07-2021,11:23:09,21.15261,79.07648,HMW
20-07-2021,11:25:47,21.14955,79.08084,HMW
20-07-2021,11:28:04,21.14551,79.08825,PCW
20-07-2021,11:35:43,21.13643,79.09603,PCW
20-07-2021,11:36:56,21.13556,79.0964,HMW
20-07-2021,11:37:20,21.13424,79.09681,FCW
20-07-2021,11:37:51,21.13424,79.09681,HMW
20-07-2021,11:42:47,21.13161,79.10915,PCW
20-07-2021,11:43:45,21.12907,79.11247,PCW
20-07-2021,11:46:37,21.12373,79.11898,HMW
20-07-2021,11:52:39,21.11859,79.12535,PCW
20-07-2021,12:04:33,21.09924,79.14181,PCW
20-07-2021,12:32:16,21.09871,79.1425,PCW
20-07-2021,12:33:01,21.10045,79.14047,PCW
20-07-2021,12:37:33,21.11005,79.1364,HMW
20-07-2021,12:38:45,21.11281,79.13273,HMW
20-07-2021,12:44:39,21.12441,79.11808,HMW
20-07-2021,12:44:40,21.12441,79.11808,HMW
20-07-2021,12:44:50,21.12479,79.11761,HMW
20-07-2021,12:47:25,21.12917,79.11212,HMW
20-07-2021,12:47:57,21.13068,79.11019,HMW
20-07-2021,12:48:01,21.13068,79.11019,HMW
20-07-2021,12:49:00,21.13125,79.10715,HMW
20-07-2021,12:49:26,21.12977,79.10601,HMW
20-07-2021,12:50:53,21.13081,79.10032,HMW
20-07-2021,12:52:33,21.13248,79.09737,HMW
20-07-2021,12:59:21,21.14108,79.08942,PCW
20-07-2021,13:02:54,21.14684,79.08442,HMW
20-07-2021,13:04:59,21.14563,79.08131,HMW
20-07-2021,13:07:59,21.14354,79.08034,PCW
20-07-2021,13:35:55,21.15271,79.07523,PCW
20-07-2021,13:36:53,21.15268,79.07861,HB
20-07-2021,13:41:01,21.15235,79.08103,HMW
20-07-2021,13:41:18,21.15075,79.08097,HMW
20-07-2021,13:46:09,21.14501,79.08934,PCW
20-07-2021,13:47:18,21.14236,79.08964,HMW
20-07-2021,13:53:30,21.13434,79.09681,HMW
20-07-2021,13:53:43,21.13341,79.09707,HMW
20-07-2021,13:55:31,21.13077,79.10038,HMW
20-07-2021,13:55:37,21.13058,79.10114,HMW
20-07-2021,13:57:06,21.12996,79.10628,HMW
20-07-2021,13:57:22,21.13123,79.10707,HMW
20-07-2021,13:58:31,21.13189,79.10875,HMW
20-07-2021,14:03:18,21.12391,79.11879,HMW
20-07-2021,14:07:16,21.11518,79.12966,HMW
20-07-2021,14:08:17,21.11394,79.13126,PCW
20-07-2021,14:43:51,21.1252,79.11712,HMW
20-07-2021,14:45:48,21.13007,79.11097,HMW
20-07-2021,14:48:25,21.12973,79.10465,HMW
20-07-2021,14:51:14,21.1321,79.0975,HMW
20-07-2021,14:51:19,21.13268,79.09729,PCW
20-07-2021,14:51:33,21.13337,79.09704,HMW
20-07-2021,14:55:14,21.13951,79.09578,PCW
20-07-2021,14:56:44,21.14014,79.09231,PCW
20-07-2021,14:59:05,21.14494,79.08946,PCW
20-07-2021,14:59:57,21.14593,79.08764,HMW
20-07-2021,15:00:41,21.14674,79.08471,HMW
20-07-2021,15:00:51,21.14696,79.08383,HMW
20-07-2021,15:01:52,21.14732,79.08138,HMW
20-07-2021,15:02:20,21.14501,79.08117,HMW
20-07-2021,15:04:10,21.1436,79.0802,HMW
20-07-2021,15:04:52,21.1442,79.07773,PCW
20-07-2021,15:25:22,21.1465,79.07457,HMW
20-07-2021,15:26:32,21.15029,79.07458,HMW
20-07-2021,15:32:59,21.15178,79.08099,HMW
20-07-2021,15:34:50,21.14738,79.08171,HMW
20-07-2021,15:35:16,21.14692,79.08411,HMW
20-07-2021,15:35:28,21.14662,79.08518,HMW
20-07-2021,15:35:39,21.14636,79.08612,HMW
20-07-2021,15:38:57,21.14272,79.08969,HMW
20-07-2021,15:40:15,21.13967,79.09059,HMW
20-07-2021,15:42:42,21.13977,79.09591,PCW
20-07-2021,15:45:51,21.13501,79.09665,HMW
20-07-2021,15:49:32,21.12988,79.10612,HMW
20-07-2021,15:52:15,21.13215,79.10854,HMW
20-07-2021,15:52:52,21.13098,79.11009,HMW
20-07-2021,15:53:12,21.12976,79.11159,HMW
20-07-2021,15:55:25,21.1266,79.11546,PCW
20-07-2021,15:56:47,21.12392,79.11875,HMW
20-07-2021,15:58:53,21.1209,79.1225,HMW
20-07-2021,16:01:53,21.11563,79.12906,HMW
20-07-2021,16:05:38,21.10757,79.13883,PCW
20-07-2021,16:20:45,21.11101,79.13509,HMW
20-07-2021,16:20:54,21.1115,79.13446,HMW
20-07-2021,16:20:55,21.1115,79.13446,HMW
20-07-2021,16:25:49,21.12055,79.12296,HMW
20-07-2021,16:26:02,21.12111,79.12227,HMW
20-07-2021,16:27:53,21.1242,79.11841,HMW
20-07-2021,16:28:10,21.12511,79.11723,HMW
20-07-2021,16:31:34,21.13004,79.11105,HMW
20-07-2021,16:31:50,21.13067,79.11025,PCW
20-07-2021,16:36:47,21.13363,79.09708,HMW
20-07-2021,16:40:44,21.14009,79.09215,PCW
20-07-2021,17:44:28,21.15032,79.07461,HMW
20-07-2021,17:46:15,21.15261,79.07657,HMW
20-07-2021,17:49:03,21.15221,79.08106,HMW
20-07-2021,17:50:22,21.1491,79.08083,HMW
20-07-2021,17:51:15,21.14692,79.08406,HMW
20-07-2021,17:58:37,21.13772,79.09548,HMW
20-07-2021,18:01:04,21.13399,79.09698,HMW
20-07-2021,18:04:20,21.1303,79.10656,HMW
20-07-2021,18:06:35,21.13248,79.10802,HMW
20-07-2021,18:07:01,21.13047,79.1107,HMW
20-07-2021,18:11:29,21.12415,79.11847,HMW
20-07-2021,18:11:45,21.12322,79.11965,HMW
20-07-2021,18:11:49,21.12322,79.11965,HMW
20-07-2021,18:17:10,21.11623,79.12828,HMW
20-07-2021,18:40:09,21.112,79.13366,HMW
20-07-2021,18:40:14,21.112,79.13366,HMW
20-07-2021,18:46:16,21.12203,79.12106,HMW
20-07-2021,18:46:42,21.12461,79.11778,HMW
20-07-2021,18:47:45,21.12633,79.11562,HMW
20-07-2021,18:49:21,21.12892,79.11238,HMW
20-07-2021,18:49:53,21.13082,79.10999,HMW
20-07-2021,18:51:06,21.13069,79.10679,HMW
20-07-2021,19:06:01,21.14377,79.07937,HMW
20-07-2021,19:10:01,21.14593,79.06991,HMW
20-07-2021,19:10:27,21.14618,79.06765,HMW
20-07-2021,19:13:11,21.14675,79.06168,HMW
20-07-2021,19:13:26,21.14694,79.06023,HMW
20-07-2021,19:13:29,21.14694,79.06023,HMW
20-07-2021,19:14:03,21.1473,79.05765,HMW
20-07-2021,19:15:57,21.14388,79.0565,HMW
20-07-2021,19:16:10,21.14246,79.0562,HMW
20-07-2021,19:16:17,21.14167,79.05601,HMW
20-07-2021,19:19:38,21.1291,79.05728,HB
20-07-2021,19:25:52,21.12143,79.05113,HMW
20-07-2021,19:28:19,21.12304,79.03833,HMW
20-07-2021,19:30:36,21.12107,79.02694,HMW
20-07-2021,05:48:10,21.11837,79.01853,HMW
20-07-2021,05:52:19,21.11546,79.03937,LDW
20-07-2021,05:54:34,21.11349,79.05498,LDW
20-07-2021,05:55:39,21.11257,79.06355,LDW
20-07-2021,06:06:18,21.10525,79.10155,PCW
20-07-2021,06:07:48,21.10576,79.11147,PCW
20-07-2021,06:08:17,21.1063,79.11449,PCW
20-07-2021,06:24:10,21.15065,79.15351,PCW
20-07-2021,06:26:23,21.14961,79.16118,HMW
20-07-2021,06:26:40,21.14958,79.16273,HMW
20-07-2021,06:59:02,21.14589,79.14586,HMW
20-07-2021,07:08:00,21.10878,79.12407,PCW
20-07-2021,08:24:27,21.10438,78.99188,PCW
20-07-2021,08:27:31,21.11207,79.00443,FCW
20-07-2021,08:29:10,21.11583,79.01215,HMW
20-07-2021,08:31:36,21.11907,79.02004,HMW
20-07-2021,08:31:40,21.11942,79.02083,HMW
20-07-2021,08:45:54,21.11078,79.07055,PCW
20-07-2021,08:47:47,21.10842,79.0786,PCW
20-07-2021,08:51:42,21.10555,79.09328,PCW
20-07-2021,09:52:05,21.14958,79.15983,HMW
20-07-2021,09:55:29,21.15047,79.1536,PCW
20-07-2021,09:58:40,21.14469,79.14586,HMW
20-07-2021,09:59:10,21.14223,79.1457,HMW
20-07-2021,09:59:12,21.14223,79.1457,HMW
20-07-2021,09:59:31,21.14068,79.14551,PCW
20-07-2021,10:05:47,21.1186,79.13487,HMW
20-07-2021,10:16:40,21.1052,79.09771,PCW
20-07-2021,10:20:26,21.10623,79.08513,HMW
20-07-2021,10:30:18,21.11256,79.06327,HMW
20-07-2021,10:30:20,21.11281,79.06235,FCW
20-07-2021,10:37:33,21.11463,79.04147,PCW
20-07-2021,10:45:14,21.11783,79.01735,PCW
20-07-2021,10:46:46,21.11556,79.01196,PCW
20-07-2021,10:52:14,21.10435,78.99186,HMW
20-07-2021,11:53:48,21.10503,78.9929,HMW
20-07-2021,11:56:51,21.11321,79.00702,FCW
20-07-2021,11:57:39,21.11509,79.01107,HB
20-07-2021,11:58:36,21.11714,79.0139,HMW
20-07-2021,12:00:39,21.11886,79.01959,HMW
20-07-2021,12:00:52,21.11922,79.02037,HMW
20-07-2021,12:01:09,21.1196,79.02121,HMW
20-07-2021,12:01:14,21.1196,79.02121,HMW
20-07-2021,12:01:17,21.12026,79.0227,HMW
20-07-2021,12:02:08,21.121,79.02647,HMW
20-07-2021,12:08:56,21.11304,79.04648,FCW
20-07-2021,12:10:12,21.11268,79.04963,HMW
20-07-2021,12:10:14,21.11268,79.04963,HMW
20-07-2021,12:10:36,21.1129,79.05166,HMW
20-07-2021,12:11:05,21.11344,79.05451,HMW
20-07-2021,12:16:14,21.11212,79.06545,HMW
20-07-2021,12:16:29,21.11168,79.06712,HMW
20-07-2021,12:16:33,21.11168,79.06712,HMW
20-07-2021,12:19:44,21.1091,79.07726,HMW
20-07-2021,12:20:19,21.10776,79.08017,HMW
20-07-2021,12:20:41,21.1071,79.08186,HMW
20-07-2021,12:22:58,21.10556,79.09299,FCW
20-07-2021,12:24:50,21.10519,79.10001,LDW
20-07-2021,12:24:51,21.10519,79.10001,FCW
20-07-2021,12:24:53,21.10519,79.10001,FCW
20-07-2021,12:37:14,21.12276,79.13751,HMW
20-07-2021,12:47:21,21.15082,79.15285,HMW
20-07-2021,12:49:45,21.14964,79.16019,PCW
20-07-2021,13:00:12,21.14957,79.15935,PCW
20-07-2021,13:14:24,21.14742,79.14595,HMW
20-07-2021,13:16:36,21.13873,79.14499,LDW
20-07-2021,13:19:50,21.12291,79.13775,HMW
20-07-2021,13:19:57,21.12221,79.13726,HMW
20-07-2021,13:20:52,21.11912,79.13522,HMW
20-07-2021,13:21:38,21.11501,79.13215,HMW
20-07-2021,13:22:18,21.1116,79.12923,LDW
20-07-2021,13:22:33,21.11076,79.12818,HMW
20-07-2021,13:22:39,21.11029,79.12724,HMW
20-07-2021,13:22:42,21.11029,79.12724,HMW
20-07-2021,13:22:44,21.11029,79.12724,HMW
20-07-2021,13:23:13,21.10899,79.12453,HMW
20-07-2021,13:23:45,21.10825,79.12186,HMW
20-07-2021,13:28:36,21.10538,79.10847,HB
20-07-2021,13:29:08,21.10548,79.10582,LDW
20-07-2021,13:33:58,21.10564,79.09136,HMW
20-07-2021,13:36:15,21.10658,79.08343,HMW
20-07-2021,13:36:19,21.10678,79.08256,FCW
20-07-2021,13:36:41,21.10747,79.08076,HMW
20-07-2021,13:38:16,21.10995,79.07526,HMW
20-07-2021,13:41:43,21.1115,79.06749,FCW
20-07-2021,13:42:11,21.11213,79.06506,HMW
20-07-2021,13:43:13,21.11343,79.05955,HMW
20-07-2021,13:44:34,21.11351,79.05523,LDW
20-07-2021,13:44:59,21.11284,79.05147,HMW
20-07-2021,13:45:13,21.11261,79.05048,HMW
20-07-2021,13:48:02,21.11405,79.04312,PCW
20-07-2021,13:51:55,21.11971,79.03144,FCW
20-07-2021,13:53:03,21.12143,79.02886,HMW
20-07-2021,13:55:56,21.11924,79.02043,PCW
20-07-2021,13:58:40,21.11814,79.01802,FCW
20-07-2021,14:07:32,21.10178,78.98779,HMW
20-07-2021,14:48:31,21.12111,79.02708,HMW
20-07-2021,14:49:44,21.12108,79.03087,HMW
20-07-2021,14:59:58,21.1121,79.06581,PCW
20-07-2021,15:08:55,21.10546,79.09514,HMW
20-07-2021,15:19:45,21.1157,79.1327,LDW
20-07-2021,15:33:36,21.14981,79.15762,PCW
20-07-2021,18:08:05,21.10486,78.99265,FCW
20-07-2021,18:12:39,21.11471,79.01053,PCW
20-07-2021,18:16:13,21.11916,79.02028,HMW
20-07-2021,18:32:23,21.11193,79.06633,HMW
20-07-2021,18:38:34,21.10626,79.08553,HMW
20-07-2021,18:50:11,21.10833,79.12181,HMW
20-07-2021,18:58:00,21.13102,79.14202,HMW
20-07-2021,20:26:53,21.11031,79.00108,HMW
20-07-2021,20:27:16,21.10917,78.99915,FCW
20-07-2021,20:30:22,21.10347,78.99052,HMW
20-07-2021,20:37:07,21.10098,78.98632,FCW
20-07-2021,06:19:02,21.11826,79.0193,PCW
20-07-2021,06:21:05,21.12083,79.02583,FCW
20-07-2021,06:21:05,21.12083,79.02583,HMW
20-07-2021,06:24:58,21.12118,79.05484,FCW
20-07-2021,06:25:28,21.12118,79.05484,HMW
20-07-2021,06:26:21,21.12684,79.05822,HMW
20-07-2021,06:28:10,21.13747,79.05392,PCW
20-07-2021,06:29:00,21.14113,79.05576,FCW
20-07-2021,06:31:49,21.14611,79.06854,FCW
20-07-2021,06:58:47,21.15246,79.09704,HMW
20-07-2021,06:59:39,21.15105,79.10334,PCW
20-07-2021,07:01:17,21.14906,79.11588,FCW
20-07-2021,07:03:10,21.15275,79.11769,HMW
20-07-2021,07:06:01,21.1523,79.13132,HMW
20-07-2021,07:06:19,21.15201,79.13308,HMW
20-07-2021,07:09:46,21.15859,79.1371,LDW
20-07-2021,07:12:25,21.15269,79.1496,HMW
20-07-2021,09:03:44,21.1497,79.15758,PCW
20-07-2021,09:05:22,21.15042,79.15371,HMW
20-07-2021,09:05:28,21.15042,79.15371,HMW
20-07-2021,09:05:37,21.15065,79.15305,HMW
20-07-2021,09:06:32,21.15098,79.15084,PCW
20-07-2021,09:10:19,21.1621,79.14088,FCW
20-07-2021,09:12:11,21.15558,79.13547,PCW
20-07-2021,09:18:35,21.15298,79.12736,HMW
20-07-2021,09:28:36,21.15195,79.09858,PCW
20-07-2021,09:31:14,21.15352,79.08836,HMW
20-07-2021,10:11:12,21.15345,79.09349,PCW
20-07-2021,10:12:03,21.15311,79.09503,HMW
20-07-2021,10:12:56,21.15169,79.09964,FCW
20-07-2021,10:13:06,21.15134,79.10101,HMW
20-07-2021,10:15:11,21.151,79.10384,PCW
20-07-2021,10:17:13,21.14968,79.11076,HMW
20-07-2021,10:19:33,21.14912,79.11469,HMW
20-07-2021,10:19:36,21.14882,79.11965,HMW
20-07-2021,10:20:37,21.15299,79.11759,PCW
20-07-2021,10:24:09,21.1533,79.12574,HMW
20-07-2021,10:24:22,21.15309,79.12683,HMW
20-07-2021,10:25:47,21.15212,79.13233,HMW
20-07-2021,10:28:32,21.15797,79.13635,HMW
20-07-2021,10:32:50,21.152,79.14967,PCW
20-07-2021,10:37:26,21.14978,79.15762,PCW
20-07-2021,10:37:58,21.14959,79.16088,HMW
20-07-2021,10:39:39,21.1494,79.16317,PCW
20-07-2021,10:39:39,21.1494,79.16317,FCW
20-07-2021,11:24:17,21.14967,79.15766,PCW
20-07-2021,11:26:05,21.15043,79.15363,HMW
20-07-2021,11:29:09,21.1572,79.14684,HMW
20-07-2021,11:31:07,21.16191,79.14065,PCW
20-07-2021,11:39:24,21.15243,79.11791,HB
20-07-2021,11:41:31,21.14879,79.11752,HMW
20-07-2021,11:44:27,21.14925,79.11336,FCW
20-07-2021,11:44:45,21.14952,79.11204,HMW
20-07-2021,11:45:18,21.1497,79.11034,PCW
20-07-2021,11:46:15,21.14987,79.10834,HMW
20-07-2021,11:49:46,21.15093,79.10299,FCW
20-07-2021,11:50:30,21.15157,79.10004,FCW
20-07-2021,11:51:29,21.15233,79.09713,HMW
20-07-2021,11:54:03,21.15117,79.08763,FCW
20-07-2021,11:55:12,21.14604,79.08692,FCW
20-07-2021,11:55:26,21.14635,79.08591,HMW
20-07-2021,11:55:40,21.14661,79.08508,HMW
20-07-2021,11:55:52,21.14704,79.08333,HMW
20-07-2021,14:45:33,21.15053,79.1191,PCW
20-07-2021,14:52:30,21.15452,79.13528,PCW
20-07-2021,15:38:40,21.15351,79.13521,HMW
20-07-2021,15:38:46,21.1526,79.13509,HMW
20-07-2021,15:43:56,21.15162,79.11848,FCW
20-07-2021,16:36:24,21.15312,79.09453,PCW
20-07-2021,16:37:05,21.15213,79.0981,PCW
20-07-2021,16:53:43,21.15286,79.12825,HMW
20-07-2021,17:02:07,21.15271,79.1497,PCW
20-07-2021,17:03:26,21.151,79.15212,PCW
20-07-2021,17:13:01,21.14183,79.18519,HMW
20-07-2021,17:13:55,21.14052,79.19218,PCW
20-07-2021,18:10:33,21.14515,79.17089,HMW
20-07-2021,18:11:35,21.14806,79.16626,HMW
20-07-2021,19:20:05,21.1606,79.14305,HMW
20-07-2021,19:49:54,21.14562,79.0723,HB
20-07-2021,20:07:08,21.12331,79.04112,LDW
20-07-2021,20:07:32,21.12278,79.03663,LDW
20-07-2021,20:07:58,21.12228,79.03381,LDW
20-07-2021,06:20:51,21.11376,79.00841,HMW
20-07-2021,06:30:01,21.10469,78.99241,HMW
20-07-2021,06:36:18,21.12056,79.02437,FCW
20-07-2021,06:36:50,21.12056,79.02437,FCW
20-07-2021,06:38:04,21.11937,79.03178,LDW
20-07-2021,06:41:48,21.11357,79.05541,LDW
20-07-2021,06:48:55,21.10555,79.09294,LDW
20-07-2021,06:49:50,21.10515,79.09967,LDW
20-07-2021,06:50:43,21.1054,79.10408,FCW
20-07-2021,06:54:06,21.10997,79.12647,LDW
20-07-2021,06:56:51,21.12565,79.13919,LDW
20-07-2021,06:57:29,21.13048,79.14167,HMW
20-07-2021,06:58:58,21.13922,79.14507,LDW
20-07-2021,06:59:19,21.14049,79.14541,FCW
20-07-2021,06:59:54,21.14465,79.14569,FCW
20-07-2021,07:05:32,21.14971,79.15784,HMW
20-07-2021,07:42:57,21.12466,79.13874,PCW
20-07-2021,07:44:37,21.1176,79.13424,PCW
20-07-2021,07:46:15,21.11083,79.12825,PCW
20-07-2021,07:48:16,21.10778,79.12022,HMW
20-07-2021,07:48:23,21.10745,79.1195,PCW
20-07-2021,07:49:02,21.10691,79.11693,PCW
20-07-2021,07:49:41,21.10625,79.11432,HMW
20-07-2021,07:51:00,21.10548,79.10685,LDW
20-07-2021,07:51:11,21.10547,79.10551,HMW
20-07-2021,07:52:55,21.1053,79.09651,LDW
20-07-2021,08:07:59,21.1152,79.03995,FCW
20-07-2021,08:08:22,21.1168,79.03637,LDW
20-07-2021,08:08:28,21.1168,79.03637,FCW
20-07-2021,08:11:18,21.12112,79.02714,HMW
20-07-2021,08:11:21,21.12093,79.02613,FCW
20-07-2021,08:51:38,21.09925,78.98358,PCW
20-07-2021,08:56:35,21.11061,79.00146,PCW
20-07-2021,08:57:14,21.11234,79.00503,HMW
20-07-2021,08:57:16,21.11234,79.00503,PCW
20-07-2021,08:57:16,21.11234,79.00503,FCW
20-07-2021,08:58:14,21.11429,79.00959,HMW
20-07-2021,09:03:21,21.12084,79.02553,PCW
20-07-2021,09:04:34,21.12167,79.03,PCW
20-07-2021,09:07:52,21.11504,79.0405,HMW
20-07-2021,09:15:01,21.11132,79.06821,LDW
20-07-2021,09:15:15,21.11092,79.0695,HMW
20-07-2021,09:16:44,21.1097,79.07607,FCW
20-07-2021,09:24:19,21.10531,79.10249,PCW
20-07-2021,09:27:24,21.1065,79.11551,HMW
20-07-2021,09:29:32,21.10929,79.12489,HMW
20-07-2021,09:30:53,21.11374,79.13096,LDW
20-07-2021,09:33:17,21.12556,79.13908,HMW
20-07-2021,09:34:04,21.13122,79.14213,HMW
20-07-2021,10:20:25,21.14967,79.15743,PCW
20-07-2021,10:25:58,21.14652,79.14587,HMW
20-07-2021,10:27:36,21.13639,79.14421,HMW
20-07-2021,10:33:06,21.11747,79.13421,PCW
20-07-2021,10:40:09,21.1054,79.10844,HMW
20-07-2021,10:43:18,21.10526,79.0966,FCW
20-07-2021,10:44:11,21.1055,79.0925,HMW
20-07-2021,10:44:36,21.10572,79.09028,HMW
20-07-2021,10:47:24,21.10603,79.0868,HMW
20-07-2021,10:48:43,21.10672,79.08274,HMW
20-07-2021,10:51:16,21.1082,79.07887,HMW
20-07-2021,10:51:20,21.1082,79.07887,FCW
20-07-2021,10:51:49,21.10934,79.07661,HMW
20-07-2021,10:51:56,21.10963,79.0759,HMW
20-07-2021,10:58:36,21.1136,79.05864,HMW
20-07-2021,11:11:23,21.12097,79.02654,FCW
20-07-2021,11:11:58,21.12061,79.02438,FCW
20-07-2021,11:12:15,21.12029,79.02279,HMW
20-07-2021,11:12:17,21.12029,79.02279,FCW
20-07-2021,06:48:00,21.14906,79.11539,HMW
20-07-2021,07:02:38,21.14397,79.07836,PCW
20-07-2021,07:48:17,21.15345,79.12508,PCW
20-07-2021,08:50:27,21.14945,79.16119,PCW
20-07-2021,14:56:14,21.14881,79.12002,PCW
20-07-2021,15:50:30,21.11842,79.01922,PCW
20-07-2021,15:50:52,21.11765,79.01965,PCW
20-07-2021,06:50:29,21.15366,79.01094,HMW
20-07-2021,06:53:37,21.14957,79.03747,LDW
20-07-2021,06:56:19,21.14775,79.05326,HMW
20-07-2021,07:12:36,21.14314,79.08067,PCW
20-07-2021,07:29:15,21.14928,79.03916,LDW
20-07-2021,07:31:37,21.15314,79.01852,HMW
20-07-2021,07:31:52,21.15361,79.01588,LDW
20-07-2021,07:32:04,21.1538,79.01444,LDW
20-07-2021,07:42:29,21.1704,79.00531,PCW
20-07-2021,08:07:54,21.17103,79.00439,PCW
20-07-2021,08:08:27,21.17039,79.00535,PCW
20-07-2021,08:12:31,21.16621,79.0115,PCW
20-07-2021,08:19:28,21.15364,79.01037,LDW
20-07-2021,08:19:55,21.15385,79.014,FCW
20-07-2021,08:20:47,21.15274,79.02083,LDW
20-07-2021,08:24:53,21.14776,79.05305,FCW
20-07-2021,08:27:59,21.14647,79.06505,HMW
20-07-2021,09:24:46,21.14639,79.06583,HMW
20-07-2021,09:32:28,21.14899,79.04131,HMW
20-07-2021,09:33:53,21.15258,79.02154,LDW
20-07-2021,09:33:59,21.15258,79.02154,HMW
20-07-2021,09:34:24,21.15334,79.01748,HMW
20-07-2021,09:34:46,21.1538,79.01493,HMW
20-07-2021,09:35:03,21.15376,79.01251,HMW
20-07-2021,09:39:08,21.15711,79.00825,LDW
20-07-2021,10:45:04,21.16626,79.01194,HB
20-07-2021,10:52:55,21.15359,79.00997,HMW
20-07-2021,10:54:34,21.15299,79.01957,LDW
20-07-2021,10:55:19,21.15277,79.0208,LDW
20-07-2021,10:56:07,21.15012,79.03253,HMW
20-07-2021,10:59:15,21.1483,79.04864,HMW
20-07-2021,11:38:14,21.15019,79.03218,HMW
20-07-2021,11:38:26,21.15046,79.03126,FCW
20-07-2021,11:38:36,21.15075,79.03014,FCW
20-07-2021,11:40:51,21.15373,79.01253,HMW
20-07-2021,11:41:23,21.15348,79.0093,HMW
20-07-2021,11:47:43,21.1622,79.01547,HMW
20-07-2021,12:31:23,21.15375,79.01166,HMW
20-07-2021,12:33:32,21.15161,79.02714,FCW
20-07-2021,12:34:45,21.14959,79.0372,LDW
20-07-2021,12:34:56,21.14941,79.03861,HMW
20-07-2021,12:35:06,21.14926,79.03965,HMW
20-07-2021,12:40:12,21.147,79.06025,HMW
20-07-2021,12:43:50,21.14604,79.06959,HMW
20-07-2021,12:44:47,21.14574,79.07199,HMW
20-07-2021,12:45:31,21.14515,79.07484,HMW
20-07-2021,14:32:24,21.14434,79.07722,PCW
20-07-2021,15:08:13,21.14889,79.04268,PCW
20-07-2021,15:30:55,21.17357,79.00287,PCW
20-07-2021,18:24:03,21.14429,79.07718,PCW
20-07-2021,06:58:54,21.11467,79.01039,PCW
20-07-2021,07:04:41,21.11856,79.03317,LDW
20-07-2021,07:05:49,21.11573,79.0389,LDW
20-07-2021,07:07:16,21.11359,79.04489,PCW
20-07-2021,07:08:01,21.11283,79.04861,PCW
20-07-2021,07:10:27,21.11341,79.06004,LDW
20-07-2021,07:10:45,21.11289,79.06258,LDW
20-07-2021,07:14:37,21.11062,79.0718,LDW
20-07-2021,07:15:31,21.10809,79.07936,PCW
20-07-2021,07:18:29,21.10534,79.09721,LDW
20-07-2021,07:20:20,21.10551,79.1081,LDW
20-07-2021,07:28:34,21.13118,79.14209,HMW
20-07-2021,08:01:51,21.13547,79.14396,LDW
20-07-2021,08:02:58,21.12991,79.14143,LDW
20-07-2021,08:08:00,21.10886,79.1243,PCW
20-07-2021,08:10:52,21.10751,79.1196,PCW
20-07-2021,08:14:33,21.10542,79.10685,PCW
20-07-2021,08:22:05,21.11035,79.07279,LDW
20-07-2021,08:30:55,21.11294,79.04618,PCW
20-07-2021,08:38:55,21.11915,79.02025,PCW
20-07-2021,08:45:05,21.10939,78.99958,HMW
20-07-2021,09:23:54,21.10138,78.98701,HMW
20-07-2021,09:30:45,21.11707,79.01385,HMW
20-07-2021,09:31:23,21.11782,79.01574,PCW
20-07-2021,09:43:26,21.11373,79.05631,PCW
20-07-2021,10:02:56,21.1104,79.12722,PCW
20-07-2021,10:45:06,21.14961,79.15843,PCW
20-07-2021,11:18:23,21.1067,79.0828,FCW
20-07-2021,11:42:50,21.1142,79.00949,HMW
20-07-2021,12:41:15,21.10521,78.99316,PCW
20-07-2021,12:41:15,21.10521,78.99316,FCW
20-07-2021,12:42:41,21.11009,79.00054,PCW
20-07-2021,12:50:18,21.12001,79.0221,PCW
20-07-2021,13:01:08,21.11294,79.05163,LDW
20-07-2021,13:03:31,21.11356,79.05923,LDW
20-07-2021,13:06:57,21.11138,79.06811,HMW
20-07-2021,13:08:39,21.10977,79.07596,FCW
20-07-2021,13:08:52,21.10935,79.07673,HMW
20-07-2021,13:28:45,21.13389,79.14329,HMW
20-07-2021,13:29:14,21.13676,79.14427,LDW
20-07-2021,13:49:37,21.15056,79.14938,PCW
20-07-2021,13:57:57,21.14954,79.15994,PCW
20-07-2021,13:58:57,21.14957,79.15908,PCW
20-07-2021,14:19:32,21.1137,79.13094,PCW
20-07-2021,14:30:54,21.10547,79.09337,HMW
20-07-2021,14:45:22,21.11398,79.04336,PCW
20-07-2021,14:55:55,21.11791,79.0175,PCW
20-07-2021,16:03:20,21.11004,79.07522,HMW
20-07-2021,16:07:26,21.10566,79.09183,HMW
20-07-2021,18:27:28,21.11403,79.04293,PCW
20-07-2021,18:34:02,21.12156,79.0299,PCW
20-07-2021,18:41:41,21.115,79.01112,PCW
20-07-2021,18:45:20,21.10918,78.99925,HMW
20-07-2021,07:05:19,21.12071,79.02478,PCW
20-07-2021,07:06:07,21.12126,79.02793,PCW
20-07-2021,07:22:47,21.11109,79.02399,PCW
20-07-2021,07:24:29,21.10836,79.0194,FCW
20-07-2021,07:24:47,21.10806,79.01796,PCW
20-07-2021,07:25:16,21.10595,79.01769,PCW
20-07-2021,07:27:49,21.10226,79.01239,PCW
20-07-2021,07:45:17,21.10866,79.0217,PCW
20-07-2021,07:46:28,21.11125,79.02421,PCW
20-07-2021,07:50:17,21.11776,79.0346,PCW
20-07-2021,08:36:17,21.14206,79.08023,PCW
20-07-2021,08:41:06,21.14674,79.06118,HMW
20-07-2021,09:02:58,21.10518,78.99322,HMW
20-07-2021,09:11:44,21.11649,78.98096,PCW
20-07-2021,09:19:40,21.10952,79.00163,PCW
20-07-2021,09:20:47,21.10675,79.00294,PCW
20-07-2021,09:50:49,21.11613,79.03199,PCW
20-07-2021,09:53:06,21.11706,79.036,HMW
20-07-2021,10:04:06,21.12936,79.06288,PCW
20-07-2021,10:05:46,21.13147,79.06217,PCW
20-07-2021,10:09:15,21.13867,79.0656,PCW
20-07-2021,10:11:08,21.14602,79.06967,FCW
20-07-2021,10:12:12,21.14565,79.07258,HMW
20-07-2021,10:12:56,21.1451,79.07502,HMW
20-07-2021,10:15:31,21.1425,79.08072,PCW
20-07-2021,11:57:18,21.11128,79.02422,PCW
20-07-2021,12:02:50,21.11628,79.0376,HB
20-07-2021,12:07:21,21.11756,79.04692,PCW
20-07-2021,12:18:16,21.13679,79.06497,HMW
20-07-2021,12:18:52,21.13934,79.06551,HMW
20-07-2021,12:20:58,21.14454,79.06791,HMW
20-07-2021,12:23:19,21.14537,79.07396,PCW
20-07-2021,12:43:49,21.13945,79.06557,HMW
20-07-2021,13:02:57,21.11475,79.02993,PCW
20-07-2021,13:28:08,21.10198,79.01417,PCW
20-07-2021,13:42:54,21.11333,79.04553,HB
20-07-2021,13:50:38,21.1256,79.06111,HMW
20-07-2021,13:59:04,21.13857,79.06561,HMW
20-07-2021,15:27:21,21.10301,79.00943,PCW
20-07-2021,15:29:32,21.10129,79.01683,PCW
20-07-2021,15:32:51,21.10954,79.02308,PCW
20-07-2021,15:39:15,21.1149,79.04098,HMW
20-07-2021,15:40:23,21.11348,79.04507,PCW
20-07-2021,15:41:08,21.11489,79.04622,FCW
20-07-2021,15:41:24,21.11639,79.04665,PCW
20-07-2021,15:43:22,21.12145,79.05192,HMW
20-07-2021,15:47:51,21.12892,79.06306,PCW
20-07-2021,15:49:28,21.13015,79.06265,HMW
20-07-2021,15:59:19,21.14179,79.0804,PCW
20-07-2021,16:17:40,21.14334,79.08065,PCW
20-07-2021,16:28:53,21.12609,79.06371,PCW
20-07-2021,16:29:16,21.12606,79.0631,HMW
20-07-2021,16:32:04,21.12384,79.0581,PCW
20-07-2021,16:38:44,21.11335,79.04578,PCW
20-07-2021,16:41:42,21.11756,79.03478,PCW
20-07-2021,16:45:56,21.11146,79.02506,PCW
20-07-2021,16:47:12,21.10941,79.02305,PCW
20-07-2021,16:48:17,21.10847,79.02046,PCW
20-07-2021,16:53:02,21.10236,79.01209,PCW
20-07-2021,16:53:45,21.10284,79.01071,PCW
20-07-2021,17:00:29,21.10447,79.00481,PCW
20-07-2021,17:04:20,21.10822,78.9976,PCW
20-07-2021,17:40:21,21.10766,78.99665,HMW
20-07-2021,17:44:07,21.11443,79.00978,HMW
20-07-2021,17:50:24,21.1222,79.03327,LDW
20-07-2021,17:51:55,21.12331,79.04153,HMW
20-07-2021,17:53:54,21.12266,79.04645,HMW
20-07-2021,17:54:02,21.1222,79.04731,HMW
20-07-2021,17:54:09,21.12195,79.04833,HMW
20-07-2021,17:54:47,21.12145,79.05178,HMW
20-07-2021,18:38:39,21.14243,79.07962,PCW
20-07-2021,07:08:10,21.12037,79.02328,HMW
20-07-2021,07:09:44,21.12253,79.0349,LDW
20-07-2021,07:12:35,21.12137,79.05312,HMW
20-07-2021,07:12:58,21.1212,79.05554,HMW
20-07-2021,07:13:47,21.12535,79.05878,HMW
20-07-2021,07:14:43,21.13014,79.05687,HMW
20-07-2021,07:14:46,21.13014,79.05687,LDW
20-07-2021,07:15:03,21.13226,79.056,HMW
20-07-2021,07:16:17,21.13881,79.05423,FCW
20-07-2021,07:39:18,21.15265,79.07605,LDW
20-07-2021,07:41:54,21.15354,79.0894,LDW
20-07-2021,07:41:57,21.15354,79.0894,FCW
20-07-2021,07:44:13,21.15048,79.106,HMW
20-07-2021,07:45:46,21.14889,79.11678,HMW
20-07-2021,07:56:08,21.15254,79.14966,HMW
20-07-2021,07:58:23,21.14975,79.15846,HMW
20-07-2021,08:02:47,21.14391,79.1764,LDW
20-07-2021,08:03:15,21.14305,79.1802,PCW
20-07-2021,08:03:59,21.14271,79.18159,LDW
20-07-2021,08:06:19,21.14086,79.19559,LDW
20-07-2021,08:31:32,21.14558,79.16965,HMW
20-07-2021,08:32:47,21.14946,79.16126,PCW
20-07-2021,08:41:21,21.15781,79.14611,HMW
20-07-2021,08:42:19,21.16163,79.14193,HMW
20-07-2021,08:43:30,21.15882,79.13735,LDW
20-07-2021,08:54:40,21.15032,79.1064,PCW
20-07-2021,09:29:16,21.15348,79.0906,LDW
20-07-2021,09:31:06,21.15179,79.0992,HMW
20-07-2021,09:35:17,21.14954,79.11236,HMW
20-07-2021,09:38:37,21.15115,79.11867,PCW
20-07-2021,09:52:15,21.14973,79.1586,HMW
20-07-2021,09:52:33,21.14967,79.1601,PCW
20-07-2021,10:25:04,21.14947,79.16366,PCW
20-07-2021,10:44:23,21.15456,79.14954,HMW
20-07-2021,10:46:31,21.15927,79.14452,HMW
20-07-2021,10:46:50,21.16063,79.14309,HMW
20-07-2021,10:49:00,21.15775,79.13621,FCW
20-07-2021,10:53:15,21.15319,79.1258,HMW
20-07-2021,10:56:14,21.15187,79.11826,HMW
20-07-2021,10:58:39,21.14895,79.11563,HMW
20-07-2021,11:00:25,21.14901,79.11451,PCW
20-07-2021,11:01:21,21.14939,79.1126,PCW
20-07-2021,11:41:42,21.14994,79.07452,HMW
20-07-2021,11:55:06,21.1508,79.10478,PCW
20-07-2021,11:57:49,21.14999,79.10801,PCW
20-07-2021,12:02:29,21.14881,79.11956,PCW
20-07-2021,12:05:24,21.15366,79.11768,PCW
20-07-2021,12:07:43,21.15352,79.12455,HMW
20-07-2021,12:07:55,21.15342,79.12516,PCW
20-07-2021,13:02:34,21.15931,79.13789,LDW
20-07-2021,13:10:48,21.14963,79.11974,HMW
20-07-2021,13:11:55,21.14872,79.11932,PCW
20-07-2021,13:21:10,21.15299,79.09499,PCW
20-07-2021,13:26:03,21.14709,79.08311,HB
20-07-2021,13:48:11,21.15332,79.08315,HMW
20-07-2021,13:54:05,21.15203,79.09834,HMW
20-07-2021,14:02:17,21.14922,79.1137,HMW
20-07-2021,14:03:40,21.1491,79.11502,HMW
20-07-2021,14:05:51,21.15044,79.11912,HMW
20-07-2021,14:05:53,21.15044,79.11912,HMW
20-07-2021,14:06:16,21.15169,79.11831,HMW
20-07-2021,14:08:31,21.15337,79.12533,HMW
20-07-2021,14:10:57,21.15434,79.13525,HMW
20-07-2021,14:15:44,21.1587,79.1371,HMW
20-07-2021,14:15:46,21.1587,79.1371,HMW
20-07-2021,14:18:38,21.15692,79.1474,FCW
20-07-2021,14:58:19,21.16038,79.139,LDW
20-07-2021,14:58:26,21.16038,79.139,FCW
20-07-2021,14:59:57,21.1546,79.13533,HMW
20-07-2021,15:06:42,21.14877,79.11768,HMW
20-07-2021,15:15:25,21.15249,79.0967,HMW
20-07-2021,15:15:56,21.15278,79.09502,PCW
20-07-2021,15:17:32,21.1535,79.08899,HMW
20-07-2021,15:19:14,21.14686,79.08805,HMW
20-07-2021,15:51:54,21.15136,79.10083,HMW
20-07-2021,15:57:35,21.14949,79.11284,HMW
20-07-2021,16:02:21,21.15406,79.11778,PCW
20-07-2021,16:05:16,21.15234,79.1312,FCW
20-07-2021,16:16:37,21.14971,79.16051,PCW
20-07-2021,16:17:35,21.1496,79.16198,HMW
20-07-2021,16:45:25,21.16195,79.14159,PCW
20-07-2021,16:56:30,21.14921,79.11302,HMW
20-07-2021,16:58:45,21.15029,79.10638,PCW
20-07-2021,17:04:32,21.15345,79.08906,HMW
20-07-2021,17:39:26,21.15324,79.09413,PCW
20-07-2021,17:40:16,21.15276,79.09603,HMW
20-07-2021,17:53:16,21.15297,79.12751,HMW
20-07-2021,17:54:16,21.15206,79.13257,HMW
20-07-2021,18:07:33,21.14957,79.16217,HMW
20-07-2021,18:10:34,21.14354,79.17793,LDW
20-07-2021,18:11:57,21.14157,79.18634,LDW
20-07-2021,18:12:13,21.14088,79.18915,LDW
20-07-2021,18:32:28,21.14086,79.19758,PCW
20-07-2021,18:36:05,21.14317,79.17906,HMW
20-07-2021,18:39:20,21.14798,79.16631,HMW
20-07-2021,18:50:13,21.15393,79.13525,FCW
20-07-2021,18:59:34,21.15051,79.10537,FCW
20-07-2021,19:01:59,21.15278,79.09515,HMW
20-07-2021,19:10:50,21.14632,79.06614,HMW
20-07-2021,19:11:28,21.14656,79.06282,HMW
20-07-2021,19:23:59,21.12123,79.05381,HMW
20-07-2021,19:25:01,21.12186,79.0484,HMW
20-07-2021,19:25:12,21.12206,79.04764,HMW
20-07-2021,19:25:29,21.12279,79.04615,HMW
20-07-2021,19:27:03,21.12317,79.03905,LDW
20-07-2021,19:27:32,21.1224,79.0346,LDW
20-07-2021,07:14:56,21.12089,79.02605,HMW
20-07-2021,07:15:14,21.12126,79.02795,HMW
20-07-2021,07:15:24,21.12144,79.02894,HMW
20-07-2021,07:15:46,21.12173,79.0305,HMW
20-07-2021,07:16:28,21.12257,79.03538,LDW
20-07-2021,07:22:25,21.1353,79.05483,HMW
20-07-2021,07:47:45,21.15262,79.07704,LDW
20-07-2021,07:48:54,21.1541,79.08528,PCW
20-07-2021,07:49:19,21.15361,79.08698,PCW
20-07-2021,07:51:35,21.15312,79.09439,HMW
20-07-2021,07:55:53,21.14986,79.11947,FCW
20-07-2021,07:56:19,21.15152,79.11841,FCW
20-07-2021,07:57:13,21.15407,79.12014,PCW
20-07-2021,07:57:55,21.15346,79.12479,HMW
20-07-2021,07:58:32,21.15268,79.1291,HMW
20-07-2021,08:14:06,21.14395,79.17604,LDW
20-07-2021,08:14:38,21.143,79.18024,LDW
20-07-2021,08:15:43,21.14062,79.19023,LDW
20-07-2021,08:39:10,21.13067,79.1909,PCW
20-07-2021,09:09:19,21.14878,79.11828,HMW
20-07-2021,09:17:41,21.15348,79.08883,HMW
20-07-2021,09:43:27,21.1494,79.07437,HMW
20-07-2021,09:46:57,21.15388,79.08398,PCW
20-07-2021,09:49:44,21.15306,79.09441,HMW
20-07-2021,09:59:26,21.15123,79.11861,PCW
20-07-2021,10:01:32,21.15296,79.12775,HMW
20-07-2021,10:01:43,21.15275,79.12879,HMW
20-07-2021,10:02:02,21.1526,79.12972,HMW
20-07-2021,10:02:19,21.15203,79.13276,HMW
20-07-2021,10:05:51,21.16186,79.14053,PCW
20-07-2021,10:08:36,21.15924,79.14482,FCW
20-07-2021,10:12:24,21.15081,79.15294,PCW
20-07-2021,11:03:29,21.15068,79.15298,PCW
20-07-2021,11:23:31,21.14959,79.11036,PCW
20-07-2021,11:36:27,21.14397,79.08097,PCW
20-07-2021,11:42:58,21.14409,79.07799,PCW
20-07-2021,11:46:36,21.14409,79.07799,PCW
20-07-2021,11:49:03,21.14409,79.07799,PCW
20-07-2021,11:50:38,21.14409,79.07799,PCW
20-07-2021,11:53:15,21.14409,79.07799,PCW
20-07-2021,11:54:51,21.14409,79.07799,PCW
20-07-2021,12:05:46,21.15271,79.07567,PCW
20-07-2021,12:37:10,21.1571,79.14716,PCW
20-07-2021,12:57:05,21.14939,79.1628,PCW
20-07-2021,13:17:02,21.15927,79.14455,PCW
20-07-2021,13:21:26,21.15163,79.13484,PCW
20-07-2021,13:29:15,21.14904,79.11483,PCW
20-07-2021,13:30:16,21.14906,79.11428,PCW
20-07-2021,13:32:06,21.14963,79.11,PCW
20-07-2021,14:04:57,21.15278,79.07494,PCW
20-07-2021,14:07:27,21.15272,79.08007,PCW
20-07-2021,14:46:51,21.14948,79.16087,PCW
20-07-2021,15:00:55,21.1509,79.14974,PCW
20-07-2021,15:10:30,21.15412,79.11856,PCW
20-07-2021,15:28:30,21.144,79.07869,PCW
20-07-2021,15:28:33,21.144,79.07869,PCW
20-07-2021,15:28:54,21.144,79.07806,PCW
20-07-2021,15:31:18,21.14403,79.07802,PCW
20-07-2021,15:33:55,21.14403,79.07802,PCW
20-07-2021,15:34:48,21.14403,79.07802,PCW
20-07-2021,15:40:19,21.14403,79.07802,PCW
20-07-2021,15:43:03,21.14403,79.07802,PCW
20-07-2021,15:45:02,21.14403,79.07802,PCW
20-07-2021,15:46:14,21.14403,79.07802,PCW
20-07-2021,15:46:35,21.14403,79.07802,PCW
20-07-2021,15:46:38,21.14403,79.07802,PCW
20-07-2021,15:54:04,21.14407,79.07796,PCW
20-07-2021,15:56:32,21.14407,79.07796,PCW
20-07-2021,15:59:23,21.14407,79.07796,PCW
20-07-2021,16:16:27,21.14996,79.10813,PCW
20-07-2021,16:48:17,21.14947,79.16093,PCW
20-07-2021,17:38:10,21.14402,79.078,PCW
20-07-2021,17:40:27,21.14402,79.078,PCW
20-07-2021,17:42:55,21.14402,79.078,PCW
20-07-2021,17:43:53,21.14402,79.078,PCW
20-07-2021,17:45:48,21.14402,79.078,PCW
20-07-2021,17:49:19,21.14402,79.078,PCW
20-07-2021,17:50:55,21.14402,79.078,PCW
20-07-2021,17:51:18,21.14402,79.078,PCW
20-07-2021,17:56:44,21.14402,79.078,PCW
20-07-2021,17:57:31,21.14402,79.078,PCW
20-07-2021,17:59:57,21.14402,79.078,PCW
20-07-2021,18:00:24,21.14402,79.078,PCW
20-07-2021,18:15:05,21.15416,79.0851,PCW
20-07-2021,18:49:25,21.14942,79.16153,PCW
20-07-2021,18:54:02,21.14942,79.16153,PCW
20-07-2021,07:38:59,21.11981,79.03152,LDW
20-07-2021,07:44:39,21.1083,79.01869,PCW
20-07-2021,07:45:15,21.10674,79.01786,PCW
20-07-2021,07:45:15,21.10674,79.01786,FCW
20-07-2021,07:46:25,21.102,79.01705,PCW
20-07-2021,07:46:45,21.10144,79.01685,PCW
20-07-2021,08:22:38,21.10846,79.0204,PCW
20-07-2021,08:24:03,21.11109,79.02385,PCW
20-07-2021,08:36:02,21.13446,79.06112,FCW
20-07-2021,08:44:06,21.14126,79.08031,PCW
20-07-2021,09:24:28,21.12361,79.05789,HMW
20-07-2021,09:33:20,21.11543,79.03082,PCW
20-07-2021,09:35:37,21.11125,79.02429,PCW
20-07-2021,09:35:48,21.11084,79.0235,PCW
20-07-2021,09:35:51,21.11084,79.0235,PCW
20-07-2021,09:35:57,21.11084,79.0235,PCW
20-07-2021,09:36:15,21.10987,79.02315,PCW
20-07-2021,09:37:59,21.10562,79.01756,FCW
20-07-2021,09:38:07,21.10562,79.01756,PCW
20-07-2021,09:38:30,21.10344,79.01698,PCW
20-07-2021,09:39:40,21.10166,79.01561,PCW
20-07-2021,10:12:16,21.10123,79.01683,PCW
20-07-2021,10:13:16,21.1042,79.01721,PCW
20-07-2021,10:13:24,21.1054,79.01751,HB
20-07-2021,10:13:51,21.10609,79.0177,HMW
20-07-2021,10:19:19,21.11229,79.0271,FCW
20-07-2021,10:23:13,21.11772,79.03428,PCW
20-07-2021,10:23:51,21.11701,79.03601,LDW
20-07-2021,10:25:09,21.11346,79.04514,FCW
20-07-2021,10:27:00,21.11988,79.04762,FCW
20-07-2021,10:27:56,21.12156,79.05045,HMW
20-07-2021,10:31:50,21.12572,79.06151,HMW
20-07-2021,10:32:06,21.12612,79.06338,PCW
20-07-2021,10:32:50,21.12799,79.06334,FCW
20-07-2021,10:32:55,21.12799,79.06334,FCW
20-07-2021,10:34:19,21.13326,79.06155,HMW
20-07-2021,10:38:27,21.13891,79.06556,FCW
20-07-2021,10:41:20,21.14579,79.07144,PCW
20-07-2021,10:45:39,21.14176,79.0804,PCW
20-07-2021,11:02:03,21.14213,79.08013,PCW
20-07-2021,11:05:02,21.14593,79.06994,HMW
20-07-2021,11:05:42,21.14517,79.06785,PCW
20-07-2021,11:08:47,21.13542,79.06079,HMW
20-07-2021,11:14:55,21.12326,79.05767,HMW
20-07-2021,11:23:31,21.1156,79.03894,HMW
20-07-2021,11:24:09,21.11728,79.0353,HMW
20-07-2021,11:29:47,21.10741,79.01791,PCW
20-07-2021,11:29:51,21.10643,79.01778,FCW
20-07-2021,11:29:53,21.10643,79.01778,PCW
20-07-2021,11:32:28,21.10253,79.01167,PCW
20-07-2021,12:21:07,21.10195,79.01446,PCW
20-07-2021,12:22:45,21.10454,79.01727,PCW
20-07-2021,12:28:03,21.1157,79.03132,FCW
20-07-2021,12:28:05,21.1157,79.03132,FCW
20-07-2021,12:29:22,21.11739,79.03528,LDW
20-07-2021,12:31:50,21.11461,79.04178,HMW
20-07-2021,12:31:54,21.11461,79.04178,FCW
20-07-2021,12:32:22,21.11339,79.04531,PCW
20-07-2021,12:39:27,21.12538,79.06037,HMW
20-07-2021,12:40:27,21.12807,79.06335,HMW
20-07-2021,12:44:39,21.13662,79.06401,HMW
20-07-2021,12:45:21,21.13774,79.06579,PCW
20-07-2021,12:45:42,21.13967,79.06556,FCW
20-07-2021,12:46:11,21.13967,79.06556,HMW
20-07-2021,12:47:39,21.14299,79.06766,FCW
20-07-2021,12:50:50,21.1456,79.07279,HMW
20-07-2021,12:51:25,21.14519,79.07474,HMW
20-07-2021,12:51:34,21.14486,79.07569,HMW
20-07-2021,12:53:28,21.14352,79.08075,PCW
20-07-2021,13:14:05,21.14075,79.06652,FCW
20-07-2021,13:18:44,21.12982,79.06283,HMW
20-07-2021,13:25:03,21.12144,79.05145,HMW
20-07-2021,13:26:38,21.11733,79.04692,FCW
20-07-2021,13:27:15,21.11506,79.04627,PCW
20-07-2021,13:28:05,21.11334,79.0458,PCW
20-07-2021,13:30:58,21.11546,79.03937,LDW
20-07-2021,13:31:18,21.1164,79.03714,LDW
20-07-2021,13:33:09,21.11457,79.02962,HMW
20-07-2021,13:34:16,21.11237,79.02729,FCW
20-07-2021,13:34:36,21.11162,79.02553,FCW
20-07-2021,13:34:52,21.11121,79.0242,PCW
20-07-2021,13:35:21,21.11081,79.02342,PCW
20-07-2021,13:37:13,21.10833,79.01876,PCW
20-07-2021,13:37:44,21.1061,79.01771,PCW
20-07-2021,13:41:33,21.10311,79.00906,PCW
20-07-2021,14:05:08,21.10298,79.00985,PCW
20-07-2021,14:05:53,21.10211,79.01296,PCW
20-07-2021,14:09:52,21.1101,79.02318,PCW
20-07-2021,14:10:59,21.11162,79.02556,HMW
20-07-2021,14:11:02,21.112,79.02654,FCW
20-07-2021,14:11:15,21.11243,79.02738,HMW
20-07-2021,14:11:48,21.11414,79.02929,FCW
20-07-2021,14:12:01,21.11474,79.0298,HMW
20-07-2021,14:12:45,21.11688,79.03315,FCW
20-07-2021,14:14:47,21.11678,79.03645,HMW
20-07-2021,14:14:58,21.11625,79.03762,LDW
20-07-2021,14:16:10,21.1147,79.04153,FCW
20-07-2021,14:22:42,21.122,79.05669,FCW
20-07-2021,14:22:53,21.12282,79.05733,FCW
20-07-2021,14:22:56,21.12282,79.05733,FCW
20-07-2021,14:22:59,21.12282,79.05733,FCW
20-07-2021,14:25:26,21.12595,79.06233,FCW
20-07-2021,14:28:16,21.13327,79.06156,HMW
20-07-2021,14:30:39,21.13592,79.06063,HMW
20-07-2021,14:30:52,21.13632,79.06203,HMW
20-07-2021,14:32:08,21.1389,79.06558,HMW
20-07-2021,14:32:57,21.14135,79.06737,HMW
20-07-2021,14:33:16,21.14325,79.06772,HMW
20-07-2021,14:34:08,21.1461,79.06866,HMW
20-07-2021,14:34:09,21.1461,79.06866,FCW
20-07-2021,15:04:28,21.14252,79.07964,PCW
20-07-2021,15:04:36,21.14254,79.07988,PCW
20-07-2021,15:07:34,21.14473,79.07613,HMW
20-07-2021,15:10:11,21.14508,79.06789,FCW
20-07-2021,15:11:21,21.14054,79.06619,HMW
20-07-2021,15:14:59,21.12997,79.06282,HMW
20-07-2021,15:22:53,21.12167,79.04959,HMW
20-07-2021,15:23:25,21.12107,79.04797,HB
20-07-2021,15:24:03,21.11858,79.0472,PCW
20-07-2021,15:24:03,21.11858,79.0472,FCW
20-07-2021,15:25:01,21.11858,79.0472,HMW
20-07-2021,15:25:59,21.11341,79.04577,PCW
20-07-2021,15:26:28,21.11376,79.04423,HMW
20-07-2021,15:30:25,21.11397,79.02921,FCW
20-07-2021,16:00:33,21.10433,79.01724,PCW
20-07-2021,16:01:39,21.10834,79.01834,PCW
20-07-2021,16:05:50,21.11431,79.02931,PCW
20-07-2021,16:08:41,21.11702,79.03591,LDW
20-07-2021,16:10:16,21.11475,79.04141,LDW
20-07-2021,16:11:59,21.11668,79.04673,PCW
20-07-2021,16:14:37,21.12223,79.05678,FCW
20-07-2021,16:16:25,21.12555,79.06091,PCW
20-07-2021,16:19:41,21.13295,79.06172,FCW
20-07-2021,16:19:56,21.13415,79.06127,HMW
20-07-2021,16:22:01,21.13934,79.06559,FCW
20-07-2021,16:27:25,21.14562,79.07266,FCW
20-07-2021,16:27:53,21.14527,79.07441,HMW
20-07-2021,16:29:47,21.14361,79.08054,PCW
20-07-2021,16:52:40,21.14261,79.07972,PCW
20-07-2021,16:54:02,21.1431,79.08068,PCW
20-07-2021,17:06:53,21.12448,79.05859,PCW
20-07-2021,17:09:50,21.12113,79.0559,HMW
20-07-2021,17:09:55,21.12113,79.0559,HMW
20-07-2021,17:10:11,21.1212,79.05392,FCW
20-07-2021,17:10:31,21.12138,79.05143,HMW
20-07-2021,17:10:47,21.12148,79.05018,HMW
20-07-2021,19:22:11,21.10867,79.02173,FCW
20-07-2021,19:22:12,21.10867,79.02173,FCW
20-07-2021,19:23:14,21.10768,79.01795,HMW
20-07-2021,19:23:55,21.10452,79.01724,HMW
20-07-2021,19:37:30,21.11145,79.02499,FCW
20-07-2021,08:25:40,21.13401,79.05529,HMW
20-07-2021,08:25:56,21.13488,79.05496,LDW
20-07-2021,10:25:46,21.14399,79.0784,HB
20-07-2021,11:51:11,21.1105,79.11777,PCW
20-07-2021,11:51:25,21.11116,79.11845,PCW
20-07-2021,11:54:35,21.11963,79.11297,FCW
20-07-2021,11:56:14,21.12254,79.11137,PCW
20-07-2021,12:00:12,21.12639,79.10496,HMW
20-07-2021,12:02:23,21.13085,79.09998,FCW
20-07-2021,12:06:14,21.137,79.09579,PCW
20-07-2021,12:06:14,21.137,79.09579,FCW
20-07-2021,12:15:05,21.14392,79.081,HB
20-07-2021,13:05:16,21.15045,79.08094,HMW
20-07-2021,13:12:06,21.14035,79.08939,HMW
20-07-2021,13:14:08,21.14006,79.09492,PCW
20-07-2021,13:15:39,21.13823,79.09546,FCW
20-07-2021,13:17:34,21.13592,79.09634,HMW
20-07-2021,13:19:47,21.13032,79.10237,FCW
20-07-2021,13:27:26,21.11191,79.11925,PCW
20-07-2021,13:30:03,21.1065,79.12133,HMW
20-07-2021,13:34:35,21.09499,79.13238,HMW
20-07-2021,13:35:23,21.0916,79.13398,HMW
20-07-2021,14:02:53,21.09052,79.13407,PCW
20-07-2021,14:02:57,21.09052,79.13407,PCW
20-07-2021,14:03:53,21.09449,79.13267,PCW
20-07-2021,14:08:37,21.10426,79.12657,FCW
20-07-2021,14:08:53,21.10554,79.12551,PCW
20-07-2021,14:09:44,21.10662,79.12417,HMW
20-07-2021,14:10:00,21.10656,79.12261,FCW
20-07-2021,14:13:00,21.11163,79.11893,PCW
20-07-2021,14:14:46,21.11611,79.11721,PCW
20-07-2021,14:16:17,21.11962,79.11397,PCW
20-07-2021,14:16:54,21.12013,79.11128,FCW
20-07-2021,14:18:10,21.12339,79.1102,FCW
20-07-2021,14:23:58,21.13293,79.09722,FCW
20-07-2021,14:28:28,21.14006,79.09157,HMW
20-07-2021,14:30:51,21.1429,79.08967,PCW
20-07-2021,14:35:02,21.14428,79.08109,PCW
20-07-2021,14:36:32,21.14358,79.08025,HMW
20-07-2021,15:04:52,21.14965,79.07441,FCW
20-07-2021,15:10:30,21.15249,79.08114,FCW
20-07-2021,15:10:41,21.15175,79.08098,HMW
20-07-2021,15:12:37,21.1474,79.08174,HMW
20-07-2021,15:19:17,21.14012,79.09479,PCW
20-07-2021,15:23:03,21.134,79.09693,FCW
20-07-2021,15:26:36,21.1281,79.10502,FCW
20-07-2021,15:28:45,21.12344,79.10965,HMW
20-07-2021,15:30:20,21.11966,79.11231,HMW
20-07-2021,15:38:19,21.10406,79.12672,FCW
20-07-2021,15:39:09,21.10055,79.1291,FCW
20-07-2021,15:39:09,21.10055,79.1291,PCW
20-07-2021,16:05:33,21.10225,79.12812,PCW
20-07-2021,16:07:34,21.10657,79.12208,HMW
20-07-2021,16:13:34,21.11679,79.11656,FCW
20-07-2021,16:15:29,21.1208,79.11132,HMW
20-07-2021,16:21:58,21.13322,79.09713,FCW
20-07-2021,16:25:23,21.1401,79.09297,PCW
20-07-2021,16:25:37,21.14005,79.09168,HMW
20-07-2021,16:28:07,21.14488,79.08946,HMW
20-07-2021,16:33:01,21.14427,79.07743,PCW
20-07-2021,17:51:46,21.15003,79.07453,FCW
20-07-2021,17:54:44,21.15268,79.07889,PCW
20-07-2021,18:12:07,21.13085,79.10014,HMW
20-07-2021,18:12:19,21.13065,79.10095,HMW
20-07-2021,18:17:29,21.12289,79.11144,FCW
20-07-2021,18:18:58,21.11946,79.11425,HMW
20-07-2021,18:20:55,21.11423,79.11808,PCW
20-07-2021,18:24:51,21.10649,79.12133,PCW
20-07-2021,18:25:13,21.10656,79.12355,PCW
20-07-2021,18:25:26,21.10659,79.12461,PCW
20-07-2021,18:26:27,21.10478,79.12611,HMW
20-07-2021,18:26:38,21.10396,79.12679,PCW
20-07-2021,18:26:42,21.10306,79.12754,PCW
20-07-2021,19:23:06,21.14573,79.07123,HMW
20-07-2021,19:24:01,21.14637,79.066,HMW
20-07-2021,19:25:41,21.14665,79.06208,FCW
20-07-2021,19:27:12,21.1455,79.05653,FCW
20-07-2021,19:36:51,21.12129,79.053,HMW
20-07-2021,19:39:48,21.1227,79.03629,HMW
20-07-2021,19:39:55,21.12247,79.03492,FCW
20-07-2021,19:41:31,21.12116,79.02746,HMW
20-07-2021,19:41:35,21.12101,79.02663,HMW
20-07-2021,19:42:14,21.12049,79.02384,HMW
20-07-2021,09:26:35,21.14698,79.06038,HMW
20-07-2021,09:29:15,21.14597,79.07,HMW
20-07-2021,09:29:17,21.14597,79.07,FCW
20-07-2021,09:30:00,21.14514,79.07489,HMW
20-07-2021,09:30:03,21.14514,79.07489,FCW
20-07-2021,13:21:00,21.14212,79.08012,PCW
20-07-2021,14:15:19,21.15263,79.0773,HMW
20-07-2021,14:15:20,21.15263,79.0773,HMW
20-07-2021,14:20:42,21.15402,79.08532,PCW
20-07-2021,14:22:48,21.1535,79.09267,HMW
20-07-2021,14:27:14,21.15049,79.10606,PCW
20-07-2021,14:34:54,21.15383,79.12266,HMW
20-07-2021,14:35:13,21.15355,79.12431,HMW
20-07-2021,14:35:14,21.15355,79.12431,FCW
20-07-2021,14:36:02,21.15268,79.12914,HMW
20-07-2021,14:41:06,21.16257,79.14129,PCW
20-07-2021,15:42:58,21.14385,79.08103,PCW
20-07-2021,16:09:59,21.14505,79.07507,PCW
20-07-2021,16:15:18,21.15274,79.07857,HB
20-07-2021,16:17:33,21.15363,79.08361,HMW
20-07-2021,16:18:38,21.15435,79.085,PCW
20-07-2021,16:20:09,21.15358,79.08908,HMW
20-07-2021,16:20:10,21.15358,79.08908,FCW
20-07-2021,16:20:26,21.15347,79.09101,HMW
20-07-2021,16:23:32,21.15133,79.10098,HMW
20-07-2021,16:30:57,21.14914,79.11445,PCW
20-07-2021,16:41:35,21.16089,79.1395,HMW
20-07-2021,17:19:35,21.15338,79.12506,PCW
20-07-2021,17:23:50,21.14876,79.11759,HMW
20-07-2021,17:31:31,21.15294,79.09423,PCW
20-07-2021,17:32:36,21.15333,79.08976,HMW
20-07-2021,18:00:01,21.15081,79.07468,HMW
20-07-2021,18:00:02,21.15163,79.07475,FCW
20-07-2021,18:23:29,21.15372,79.13518,HMW
20-07-2021,18:24:52,21.15856,79.13705,HB
20-07-2021,18:26:02,21.16125,79.13993,PCW
20-07-2021,18:27:01,21.15977,79.14411,HMW
20-07-2021,18:36:20,21.14723,79.1675,HMW
20-07-2021,18:36:36,21.14593,79.16906,FCW
20-07-2021,18:36:50,21.14543,79.17018,PCW
20-07-2021,18:38:17,21.14356,79.17788,HB
20-07-2021,18:39:18,21.14225,79.18332,LDW
20-07-2021,18:40:24,21.14049,79.19229,LDW
20-07-2021,18:41:11,21.1412,79.19913,LDW
20-07-2021,20:11:58,21.14452,79.05654,HMW
20-07-2021,09:56:47,21.14953,79.11233,PCW
20-07-2021,10:47:05,21.15105,79.1032,PCW
20-07-2021,10:55:39,21.15178,79.11824,PCW
20-07-2021,11:34:50,21.14966,79.15818,PCW
20-07-2021,12:04:26,21.15355,79.08783,PCW
20-07-2021,12:52:17,21.15007,79.10768,PCW
20-07-2021,13:28:20,21.1495,79.15979,PCW
20-07-2021,13:35:14,21.15084,79.15141,PCW
20-07-2021,16:37:05,21.14448,79.17402,FCW
20-07-2021,17:47:50,21.15168,79.13491,PCW
20-07-2021,17:53:02,21.15238,79.11794,PCW
20-07-2021,18:00:30,21.15118,79.10172,PCW
20-07-2021,18:41:51,21.12317,79.03908,HMW
20-07-2021,10:32:02,21.12001,79.02206,HMW
20-07-2021,10:32:16,21.12045,79.02347,HMW
20-07-2021,10:32:45,21.12085,79.02567,HMW
20-07-2021,11:17:26,21.11352,79.00793,HMW
20-07-2021,11:21:20,21.10492,78.99277,FCW
20-07-2021,12:19:12,21.10729,78.99589,FCW
20-07-2021,12:19:14,21.10729,78.99589,FCW
20-07-2021,12:40:06,21.11269,79.0496,HMW
20-07-2021,12:40:08,21.11269,79.0496,HMW
20-07-2021,12:42:30,21.1137,79.05803,FCW
20-07-2021,12:48:44,21.11021,79.07469,HMW
20-07-2021,12:49:07,21.10954,79.07634,HMW
20-07-2021,12:50:26,21.10751,79.08076,HMW
20-07-2021,12:55:03,21.10549,79.09422,HMW
20-07-2021,12:55:23,21.10533,79.09624,FCW
20-07-2021,12:55:33,21.10528,79.09743,HMW
20-07-2021,13:00:02,21.10691,79.11658,HMW
20-07-2021,13:01:44,21.10851,79.1228,HMW
20-07-2021,13:06:54,21.12605,79.13936,LDW
20-07-2021,13:10:02,21.14614,79.14579,HMW
20-07-2021,13:46:37,21.13968,79.14529,FCW
20-07-2021,13:46:39,21.13856,79.14495,LDW
20-07-2021,14:10:37,21.10694,79.08202,HMW
20-07-2021,14:13:00,21.10884,79.07761,HMW
20-07-2021,14:13:11,21.10929,79.07673,HMW
20-07-2021,14:13:46,21.11027,79.07403,HMW
20-07-2021,14:15:24,21.11128,79.06817,FCW
20-07-2021,14:21:40,21.1128,79.04801,HMW
20-07-2021,14:37:34,21.11621,79.01258,PCW
20-07-2021,14:38:13,21.1138,79.00848,FCW
20-07-2021,14:39:26,21.11215,79.00468,PCW
20-07-2021,14:39:39,21.11188,79.00415,HMW
20-07-2021,14:40:35,21.10993,79.00046,HMW
20-07-2021,14:40:53,21.10884,78.99867,FCW
20-07-2021,14:41:37,21.10716,78.9959,HMW
20-07-2021,14:42:03,21.10555,78.9937,HMW
20-07-2021,14:42:22,21.10464,78.99222,HMW
20-07-2021,14:42:47,21.10382,78.99088,PCW
20-07-2021,14:43:23,21.10279,78.98934,HMW
20-07-2021,14:43:50,21.102,78.98811,FCW
20-07-2021,14:43:53,21.1014,78.98708,FCW
20-07-2021,14:43:59,21.1014,78.98708,FCW
20-07-2021,14:44:46,21.09842,78.98221,HMW
20-07-2021,15:16:36,21.11041,79.00097,PCW
20-07-2021,15:20:35,21.11507,79.01101,HMW
20-07-2021,15:21:08,21.11694,79.01359,HMW
20-07-2021,15:33:54,21.11264,79.05004,HMW
20-07-2021,15:34:31,21.11339,79.05387,FCW
20-07-2021,16:13:35,21.14961,79.16128,PCW
20-07-2021,10:32:13,21.11298,79.0068,HB
20-07-2021,11:52:10,21.11088,79.06987,HB
20-07-2021,19:14:29,21.11687,79.13377,HB
20-07-2021,13:51:24,21.10725,79.10313,PCW
20-07-2021,14:21:39,21.12832,79.10495,HMW
20-07-2021,14:23:13,21.12915,79.10695,PCW
20-07-2021,14:28:35,21.11506,79.11514,HMW
20-07-2021,14:29:52,21.11271,79.1146,FCW
20-07-2021,14:36:43,21.09847,79.1328,PCW
20-07-2021,14:37:40,21.09818,79.1352,PCW
20-07-2021,14:44:10,21.1036,79.12708,PCW
20-07-2021,14:44:23,21.10498,79.12594,FCW
20-07-2021,14:44:23,21.10498,79.12594,PCW
20-07-2021,14:51:52,21.12337,79.11225,HMW
20-07-2021,14:57:54,21.11779,79.1045,PCW
20-07-2021,14:58:58,21.1122,79.10399,HMW
20-07-2021,14:59:03,21.11125,79.10383,HMW
20-07-2021,15:03:35,21.1053,79.0952,HMW
20-07-2021,15:07:51,21.11583,79.10428,HMW
20-07-2021,15:05:15,21.12075,79.02501,PCW
20-07-2021,15:10:58,21.11389,79.04402,FCW
20-07-2021,15:18:42,21.11269,79.06329,HMW
20-07-2021,15:20:54,21.11188,79.06666,HMW
20-07-2021,15:21:07,21.11159,79.06754,HMW
20-07-2021,15:25:33,21.10738,79.08123,HMW
20-07-2021,15:28:20,21.10592,79.08936,HMW
20-07-2021,15:28:50,21.10566,79.09224,HMW
20-07-2021,15:40:10,21.11694,79.1337,HMW
20-07-2021,15:40:28,21.11895,79.13503,LDW
20-07-2021,15:40:43,21.11985,79.13556,LDW
20-07-2021,15:40:49,21.12103,79.13636,LDW
20-07-2021,15:41:05,21.12217,79.13709,HMW
20-07-2021,15:49:40,21.14514,79.14575,HMW
20-07-2021,16:37:58,21.14575,79.14587,HMW
20-07-2021,16:39:14,21.1373,79.14457,LDW
20-07-2021,16:40:49,21.13091,79.14202,LDW
20-07-2021,16:40:53,21.12711,79.13997,LDW
20-07-2021,16:42:43,21.12093,79.13646,HMW
20-07-2021,16:44:56,21.11119,79.1288,LDW
20-07-2021,16:53:40,21.10576,79.08989,HMW
20-07-2021,17:07:39,21.11273,79.04832,HMW
20-07-2021,17:12:06,21.11825,79.03344,HMW
20-07-2021,17:22:19,21.10878,78.99857,PCW
20-07-2021,17:25:50,21.10114,78.98674,FCW
20-07-2021,18:35:54,21.09875,78.98275,HMW
20-07-2021,18:41:23,21.10954,78.99972,HMW
20-07-2021,18:43:29,21.11339,79.00748,HMW
20-07-2021,18:58:53,21.11624,79.03762,HMW
20-07-2021,18:59:01,21.11575,79.03875,HMW
20-07-2021,19:07:29,21.11335,79.06002,HMW
20-07-2021,19:20:38,21.10545,79.09476,HMW
20-07-2021,19:34:47,21.13033,79.14153,HMW
20-07-2021,19:35:14,21.13286,79.14292,HMW
20-07-2021,20:10:00,21.12647,79.13965,LDW
20-07-2021,20:11:23,21.12225,79.13727,LDW
20-07-2021,20:19:18,21.10543,79.1075,FCW
20-07-2021,20:22:18,21.10509,79.09957,FCW
20-07-2021,20:22:41,21.1052,79.09764,HMW
20-07-2021,20:24:05,21.10571,79.09053,HMW
20-07-2021,20:25:48,21.10624,79.08549,LDW
20-07-2021,20:29:49,21.11024,79.07364,LDW
20-07-2021,20:33:39,21.1133,79.05998,LDW
20-07-2021,20:40:49,21.11685,79.03617,LDW
20-07-2021,20:49:00,21.11407,79.0091,HMW
20-07-2021,20:54:27,21.10207,78.98825,HMW
20-07-2021,20:54:38,21.10073,78.9861,HMW
20-07-2021,21:02:53,21.11447,79.00992,HMW
21-07-2021,03:21:53,21.12041,79.02337,LDW
21-07-2021,03:32:03,21.11549,79.0392,LDW
21-07-2021,03:34:21,21.12087,79.02585,FCW
21-07-2021,05:48:16,21.11536,79.01153,HMW
21-07-2021,05:50:38,21.12033,79.02304,HMW
21-07-2021,06:05:03,21.10606,79.08704,LDW
21-07-2021,06:07:52,21.10548,79.1068,LDW
21-07-2021,06:09:23,21.10727,79.11907,PCW
21-07-2021,06:20:17,21.15094,79.14945,PCW
21-07-2021,07:35:22,21.1192,79.02034,PCW
21-07-2021,08:29:56,21.11632,79.01286,HMW
21-07-2021,08:32:20,21.12058,79.02416,FCW
21-07-2021,08:32:40,21.12092,79.026,FCW
21-07-2021,08:45:02,21.11103,79.06917,PCW
21-07-2021,08:56:50,21.10671,79.11605,PCW
21-07-2021,09:11:14,21.14814,79.14594,PCW
21-07-2021,09:14:03,21.15126,79.14923,PCW
21-07-2021,09:14:07,21.15126,79.14923,PCW
21-07-2021,09:57:49,21.14803,79.14591,PCW
21-07-2021,10:16:19,21.10528,79.10332,PCW
21-07-2021,10:52:37,21.11102,79.00222,PCW
21-07-2021,10:56:24,21.10313,78.98993,PCW
21-07-2021,11:49:29,21.10523,78.9933,HMW
21-07-2021,11:52:15,21.11111,79.00223,HMW
21-07-2021,11:52:18,21.11148,79.00303,HMW
21-07-2021,11:52:27,21.11183,79.00385,HMW
21-07-2021,11:54:08,21.11519,79.01123,HMW
21-07-2021,11:54:17,21.11571,79.01194,FCW
21-07-2021,11:54:32,21.11619,79.01256,HMW
21-07-2021,11:54:39,21.11678,79.01343,HMW
21-07-2021,11:54:42,21.11678,79.01343,FCW
21-07-2021,11:57:07,21.12018,79.02248,HMW
21-07-2021,11:58:16,21.12106,79.02662,HMW
21-07-2021,11:58:18,21.1212,79.02734,FCW
21-07-2021,11:58:20,21.1212,79.02734,FCW
21-07-2021,12:06:56,21.11375,79.05774,FCW
21-07-2021,12:07:44,21.11287,79.06256,HMW
21-07-2021,12:07:49,21.11256,79.06366,HMW
21-07-2021,12:13:13,21.10965,79.07619,HMW
21-07-2021,12:13:26,21.10927,79.07691,HMW
21-07-2021,12:15:13,21.10647,79.08445,HMW
21-07-2021,13:26:30,21.10523,79.09805,HB
21-07-2021,13:27:14,21.10536,79.09469,HB
21-07-2021,13:33:32,21.1099,79.07541,HMW
21-07-2021,13:34:18,21.1106,79.07142,PCW
21-07-2021,13:38:46,21.11222,79.06486,FCW
21-07-2021,13:42:15,21.11366,79.05614,HMW
21-07-2021,13:42:47,21.11316,79.05335,HMW
21-07-2021,13:45:40,21.1138,79.04404,HMW
21-07-2021,13:51:16,21.12146,79.02914,PCW
21-07-2021,13:56:35,21.11797,79.01759,PCW
21-07-2021,14:06:15,21.09974,78.98439,PCW
21-07-2021,15:19:38,21.12045,79.136,FCW
21-07-2021,16:59:13,21.11895,79.01973,PCW
21-07-2021,17:06:35,21.10747,78.99648,PCW
21-07-2021,18:08:21,21.10623,78.99452,HMW
21-07-2021,18:33:22,21.11025,79.07461,HMW
21-07-2021,18:38:54,21.10596,79.08873,HMW
21-07-2021,18:40:27,21.10528,79.09695,HMW
21-07-2021,18:42:28,21.10544,79.10446,HMW
21-07-2021,19:40:08,21.12629,79.13952,LDW
21-07-2021,20:31:55,21.10205,78.98812,HMW
21-07-2021,06:11:45,21.11648,79.01966,PCW
21-07-2021,06:44:53,21.11317,79.05334,FCW
21-07-2021,07:54:55,21.10591,79.08825,PCW
21-07-2021,08:14:30,21.12097,79.0263,HMW
21-07-2021,08:17:18,21.1178,79.01579,PCW
21-07-2021,08:51:23,21.09681,78.97936,PCW
21-07-2021,08:55:04,21.10543,78.9936,FCW
21-07-2021,08:55:44,21.1079,78.99697,HMW
21-07-2021,08:56:01,21.10832,78.99766,FCW
21-07-2021,09:03:30,21.12047,79.02361,HMW
21-07-2021,09:03:31,21.12047,79.02361,FCW
21-07-2021,09:04:10,21.12111,79.02698,PCW
21-07-2021,09:05:35,21.12003,79.03141,HMW
21-07-2021,09:05:45,21.11915,79.03204,HMW
21-07-2021,09:07:43,21.1149,79.04096,PCW
21-07-2021,09:11:10,21.11276,79.05088,FCW
21-07-2021,09:12:01,21.11368,79.05605,PCW
21-07-2021,09:14:31,21.11204,79.06597,FCW
21-07-2021,09:34:28,21.12872,79.14072,LDW
21-07-2021,09:39:27,21.14959,79.14829,HMW
21-07-2021,09:44:10,21.14977,79.15757,PCW
21-07-2021,10:43:03,21.10685,79.11678,PCW
21-07-2021,11:05:09,21.11317,79.05366,HMW
21-07-2021,11:06:04,21.11254,79.0503,FCW
21-07-2021,11:10:15,21.1155,79.03906,HMW
21-07-2021,12:15:14,21.097,78.97992,PCW
21-07-2021,12:17:13,21.09966,78.98408,PCW
21-07-2021,12:43:17,21.11296,79.06222,HMW
21-07-2021,12:47:31,21.11083,79.07019,PCW
21-07-2021,13:19:44,21.1511,79.15057,PCW
21-07-2021,13:41:01,21.15037,79.14924,PCW
21-07-2021,13:54:06,21.1085,79.12291,HMW
21-07-2021,14:05:27,21.10657,79.08367,PCW
21-07-2021,14:11:35,21.11077,79.06984,PCW
21-07-2021,14:15:25,21.11339,79.05985,HMW
21-07-2021,14:19:02,21.1128,79.05133,HMW
21-07-2021,14:36:32,21.10849,78.99802,PCW
21-07-2021,15:21:38,21.12002,79.0221,PCW
21-07-2021,15:32:26,21.11309,79.05275,HMW
21-07-2021,17:11:08,21.10619,79.11401,PCW
21-07-2021,17:32:05,21.11308,79.0534,HMW
21-07-2021,17:45:23,21.11877,79.01949,PCW
21-07-2021,19:02:08,21.11708,79.01382,FCW
21-07-2021,19:06:21,21.12101,79.02634,HMW
21-07-2021,19:26:03,21.10997,79.0753,FCW
21-07-2021,19:35:03,21.10526,79.09739,HMW
21-07-2021,06:24:13,21.1197,79.02152,HMW
21-07-2021,06:24:49,21.12065,79.02486,HMW
21-07-2021,06:25:53,21.12221,79.03352,LDW
21-07-2021,06:26:02,21.12248,79.035,LDW
21-07-2021,06:26:23,21.12305,79.03803,HMW
21-07-2021,06:27:53,21.12357,79.04522,HMW
21-07-2021,06:29:14,21.12119,79.05474,HMW
21-07-2021,06:29:51,21.12336,79.05774,HMW
21-07-2021,06:30:38,21.12613,79.05845,HMW
21-07-2021,06:32:11,21.1335,79.05549,HMW
21-07-2021,06:32:32,21.13498,79.0549,HMW
21-07-2021,06:34:12,21.14402,79.05657,HMW
21-07-2021,06:35:12,21.14728,79.05791,HMW
21-07-2021,06:35:13,21.14728,79.05791,FCW
21-07-2021,06:36:07,21.14649,79.06398,HMW
21-07-2021,06:36:14,21.14645,79.06539,HMW
21-07-2021,07:02:44,21.15215,79.09798,HMW
21-07-2021,07:02:59,21.15192,79.09885,HMW
21-07-2021,07:04:50,21.14961,79.11211,HMW
21-07-2021,07:04:51,21.14961,79.11211,FCW
21-07-2021,07:09:17,21.15173,79.13467,HB
21-07-2021,07:11:26,21.15997,79.1385,LDW
21-07-2021,07:13:13,21.16043,79.14344,LDW
21-07-2021,07:14:14,21.15718,79.147,HMW
21-07-2021,07:14:48,21.15564,79.14869,HMW
21-07-2021,09:07:50,21.15082,79.1521,PCW
21-07-2021,09:10:29,21.15499,79.14928,FCW
21-07-2021,09:20:08,21.15226,79.11803,HMW
21-07-2021,09:20:14,21.15159,79.11843,HMW
21-07-2021,09:25:43,21.15016,79.107,HMW
21-07-2021,09:25:48,21.15016,79.107,PCW
21-07-2021,09:30:18,21.15307,79.09392,HMW
21-07-2021,09:30:23,21.15325,79.09331,FCW
21-07-2021,09:34:55,21.14646,79.08136,HMW
21-07-2021,09:35:08,21.1457,79.0812,HMW
21-07-2021,10:07:53,21.15275,79.0811,PCW
21-07-2021,10:10:27,21.15366,79.08744,PCW
21-07-2021,10:11:03,21.15357,79.08922,FCW
21-07-2021,10:16:04,21.15038,79.10637,HMW
21-07-2021,10:16:44,21.1497,79.1095,HMW
21-07-2021,10:16:56,21.14967,79.11023,HMW
21-07-2021,10:19:16,21.14912,79.11469,HMW
21-07-2021,10:19:26,21.14907,79.1153,HMW
21-07-2021,10:20:00,21.14889,79.11812,HMW
21-07-2021,10:23:33,21.15369,79.12356,HMW
21-07-2021,10:32:56,21.15116,79.15026,HMW
21-07-2021,10:32:59,21.15107,79.15101,HMW
21-07-2021,10:33:13,21.15102,79.15176,HMW
21-07-2021,10:36:10,21.14957,79.16165,HMW
21-07-2021,10:36:27,21.1495,79.16357,PCW
21-07-2021,11:23:48,21.14966,79.15792,PCW
21-07-2021,11:28:31,21.1532,79.14956,HMW
21-07-2021,11:35:32,21.15295,79.12754,FCW
21-07-2021,11:38:43,21.14991,79.11947,FCW
21-07-2021,11:39:12,21.1487,79.11942,PCW
21-07-2021,11:42:45,21.14983,79.10845,HMW
21-07-2021,11:48:09,21.15336,79.09057,HMW
21-07-2021,11:49:08,21.15145,79.0875,FCW
21-07-2021,11:51:14,21.14668,79.08475,HMW
21-07-2021,11:53:47,21.14399,79.07839,PCW
21-07-2021,14:39:35,21.14954,79.11193,PCW
21-07-2021,14:51:05,21.15878,79.1372,LDW
21-07-2021,15:48:34,21.15192,79.09887,HMW
21-07-2021,16:31:14,21.15372,79.08652,PCW
21-07-2021,16:34:50,21.153,79.09491,HMW
21-07-2021,16:40:53,21.14968,79.10951,PCW
21-07-2021,16:49:30,21.15301,79.12729,HMW
21-07-2021,16:53:06,21.15821,79.13659,HMW
21-07-2021,17:01:37,21.14973,79.15904,PCW
21-07-2021,18:17:39,21.14865,79.16563,HMW
21-07-2021,19:18:16,21.16012,79.14366,FCW
21-07-2021,19:40:48,21.14391,79.08102,HB
21-07-2021,19:54:22,21.1456,79.07222,HB
21-07-2021,19:55:44,21.14568,79.07162,HMW
21-07-2021,19:57:39,21.14684,79.06099,HMW
21-07-2021,20:07:08,21.12115,79.05578,HMW
21-07-2021,20:10:03,21.12326,79.04336,LDW
21-07-2021,20:10:21,21.12325,79.03925,LDW
21-07-2021,20:10:40,21.12276,79.03655,LDW
21-07-2021,06:32:13,21.12088,79.02584,HMW
21-07-2021,06:59:52,21.12489,79.13875,LDW
21-07-2021,07:02:39,21.14269,79.14555,HMW
21-07-2021,07:53:18,21.15025,79.15437,PCW
21-07-2021,07:53:29,21.15032,79.15407,PCW
21-07-2021,08:15:01,21.10532,79.10418,HMW
21-07-2021,08:37:18,21.12062,79.02438,HMW
21-07-2021,08:43:21,21.11082,79.00189,PCW
21-07-2021,08:45:54,21.10465,78.99228,HMW
21-07-2021,08:48:27,21.09978,78.98448,PCW
21-07-2021,09:11:53,21.09827,78.98181,HMW
21-07-2021,09:45:07,21.10565,79.09183,LDW
21-07-2021,09:56:26,21.12198,79.13699,HMW
21-07-2021,09:56:58,21.12405,79.13829,PCW
21-07-2021,09:57:53,21.12198,79.13699,FCW
21-07-2021,10:08:25,21.14963,79.16021,HMW
21-07-2021,10:54:18,21.12423,79.13853,PCW
21-07-2021,10:55:01,21.12206,79.13714,HMW
21-07-2021,11:07:49,21.1052,79.09757,HMW
21-07-2021,13:05:45,21.11188,79.06664,HMW
21-07-2021,13:35:58,21.1502,79.15503,PCW
21-07-2021,14:05:56,21.13973,79.14533,LDW
21-07-2021,15:49:11,21.12092,79.02601,HMW
21-07-2021,15:53:02,21.1169,79.03621,HMW
21-07-2021,16:00:33,21.1134,79.05974,FCW
21-07-2021,16:07:21,21.10897,79.07747,HMW
21-07-2021,16:10:37,21.10658,79.08377,HMW
21-07-2021,17:43:33,21.14369,79.14582,HMW
21-07-2021,18:08:33,21.11074,79.06982,PCW
21-07-2021,18:33:15,21.11408,79.00924,HMW
21-07-2021,18:36:08,21.11053,79.00157,PCW
21-07-2021,18:36:53,21.1093,78.99945,HMW
21-07-2021,18:37:03,21.10882,78.99868,PCW
21-07-2021,19:58:29,21.10789,78.997,HMW
21-07-2021,20:00:42,21.11313,79.00678,HMW
21-07-2021,07:12:44,21.12178,79.0565,FCW
21-07-2021,07:42:58,21.1542,79.08534,HMW
21-07-2021,07:48:36,21.14889,79.1172,HMW
21-07-2021,07:49:42,21.1511,79.1187,PCW
21-07-2021,07:52:39,21.15168,79.1349,HB
21-07-2021,08:01:26,21.14949,79.16337,HMW
21-07-2021,08:03:58,21.14375,79.17707,LDW
21-07-2021,08:04:10,21.14344,79.17847,HMW
21-07-2021,08:37:59,21.14948,79.16223,HMW
21-07-2021,08:39:37,21.14965,79.15776,PCW
21-07-2021,08:41:01,21.15023,79.15443,PCW
21-07-2021,08:43:39,21.15403,79.14957,HMW
21-07-2021,08:45:02,21.159,79.14478,FCW
21-07-2021,08:46:55,21.15845,79.13696,LDW
21-07-2021,08:47:22,21.15646,79.13555,PCW
21-07-2021,08:50:12,21.15272,79.12875,PCW
21-07-2021,08:50:23,21.15308,79.12659,FCW
21-07-2021,08:59:02,21.15104,79.10192,HMW
21-07-2021,09:00:22,21.15245,79.09663,HMW
21-07-2021,09:08:11,21.14392,79.07874,PCW
21-07-2021,09:30:12,21.15208,79.09823,PCW
21-07-2021,09:40:39,21.15248,79.1349,HMW
21-07-2021,09:49:56,21.14971,79.15981,PCW
21-07-2021,09:50:00,21.14971,79.15981,PCW
21-07-2021,10:54:46,21.15133,79.1186,HMW
21-07-2021,11:42:43,21.1527,79.0784,HB
21-07-2021,11:45:30,21.15402,79.08563,PCW
21-07-2021,11:46:56,21.15347,79.09073,HMW
21-07-2021,11:56:41,21.15014,79.1193,PCW
21-07-2021,11:57:27,21.15175,79.11827,PCW
21-07-2021,12:00:14,21.15363,79.12394,HMW
21-07-2021,12:10:12,21.15192,79.14973,PCW
21-07-2021,12:55:46,21.15217,79.13498,PCW
21-07-2021,13:09:45,21.14976,79.10876,PCW
21-07-2021,13:13:15,21.15183,79.09902,HMW
21-07-2021,13:41:40,21.15011,79.07452,PCW
21-07-2021,14:01:27,21.15401,79.11773,PCW
21-07-2021,14:01:37,21.15427,79.118,PCW
21-07-2021,14:06:47,21.15592,79.13546,PCW
21-07-2021,14:52:53,21.15271,79.12905,HMW
21-07-2021,14:56:59,21.14962,79.11979,HMW
21-07-2021,15:01:30,21.14965,79.1108,PCW
21-07-2021,16:11:30,21.16228,79.14097,PCW
21-07-2021,16:24:21,21.14929,79.16433,HMW
21-07-2021,17:38:43,21.15316,79.08288,HMW
21-07-2021,17:42:29,21.15286,79.09573,HMW
21-07-2021,17:42:34,21.15264,79.09669,HMW
21-07-2021,17:46:12,21.15058,79.1059,PCW
21-07-2021,17:53:09,21.15421,79.11804,PCW
21-07-2021,17:55:32,21.15319,79.12632,HMW
21-07-2021,18:22:35,21.14102,79.19922,PCW
21-07-2021,18:54:36,21.15227,79.13115,HMW
21-07-2021,19:24:28,21.14198,79.05613,FCW
21-07-2021,07:12:45,21.10929,79.02297,PCW
21-07-2021,07:14:00,21.10746,79.01791,PCW
21-07-2021,07:46:28,21.11023,79.0232,PCW
21-07-2021,07:46:39,21.11077,79.02343,PCW
21-07-2021,07:53:40,21.1141,79.04336,HMW
21-07-2021,09:00:47,21.11834,79.01842,HMW
21-07-2021,09:40:20,21.10296,79.01025,PCW
21-07-2021,09:43:04,21.10133,79.01685,PCW
21-07-2021,10:44:49,21.14548,79.06779,PCW
21-07-2021,11:06:49,21.11115,79.02409,PCW
21-07-2021,11:12:11,21.10134,79.01627,PCW
21-07-2021,11:13:08,21.1024,79.01203,PCW
21-07-2021,11:53:22,21.11082,79.02347,PCW
21-07-2021,12:17:28,21.14553,79.06772,PCW
21-07-2021,12:24:01,21.14138,79.08028,PCW
21-07-2021,13:10:17,21.10941,79.02307,PCW
21-07-2021,13:33:50,21.10385,79.00802,PCW
21-07-2021,13:35:46,21.10209,79.01353,PCW
21-07-2021,13:43:47,21.11516,79.03038,PCW
